,motherBoard,MRP
0,ASRock B450M-HDV Motherboard,"₹5,678"
1,ZEBRONICS ZEB-H81M2 with PCIE M.2 / NVMe Slot Motherboard,"₹2,449"
2,ZEBRONICS H61-i5-4GB-PFAN-COMBO Motherboard,"₹3,799"
3,ZEBRONICS Zeb H61M2 Motherboard with M2 slot LGA 1155 Socket Motherboard,"₹2,299"
4,ASUS PRIME H610M-E D4 Motherboard,"₹8,950"
5,MSI B550M PRO-VDH WIFI Motherboard,"₹12,999"
6,ZEBRONICS Zeb-H61M2 Motherboard,"₹2,299"
7,Ant Value G41MAD3 Motherboard,"₹2,161"
8,ASUS PRIME B550M-A WIFI II Motherboard,"₹13,999"
9,ASUS PRIME A320M-K Motherboard,"₹5,999"
10,ZEBRONICS ZEB-H61 Motherboard,"₹2,299"
11,ASUS Prime-B450M-A-II Motherboard,"₹8,999"
12,ZEBRONICS H61 Motherboard,"₹2,104"
13,ASRock B550M Pro4 Motherboard,"₹9,389"
14,GIGABYTE A520M K Motherboard,"₹5,899"
15,ASUS ROG STRIX Z590-E Gaming Wi-Fi Motherboard,"₹33,517"
16,ASUS ?PRIME H410M-E Motherboard,"₹6,999"
17,"MSI PRO H510M-B Motherboard, Micro-ATX Motherboard","₹5,999"
18,ASUS ?ROG STRIX Z790-H GAMING WIFI Motherboard,"₹35,519"
19,GIGABYTE B550M-DS3H Motherboard,"₹9,800"
20,Frontech FT- H61 with Nvme slot LGA 1155 Socket Motherboard,"₹2,199"
21,ASUS TUF Gaming B550-PLUS Motherboard,"₹15,926"
22,GEONIX GX-H61 DDR3 Motherboard|2.0 USB| LGA 1155 Support Intel 2nd and 3rd Gen CPU DDR3 Motherboard,"₹1,999"
23,ASUS ROG STRIX X670E A GAMING WIFI Motherboard,"₹41,739"
24,MSI B450M PRO-VDH MAX Mini-ATX AM4 Gaming Motherboard,"₹8,899"
25,GIGABYTE B450M DS3H (AMD Ryzen AM4/M.2/HMDI/DVI/USB 3.1/DDR4/Micro ATX) Motherboard,"₹8,190"
26,ASUS TUF Gaming B560M-Plus Motherboard,"₹14,462"
27,LAPCARE h81 Motherboard,"₹3,299"
28,ASRock B560 Steel Legend Motherboard,"₹11,720"
29,MSI MEG Z590 GODLIKE Motherboard,"₹98,999"
30,ASUS ROG STRIX Z590-F Gaming Wi-Fi Motherboard,"₹29,999"
31,ASRock B550 PG Riptide Motherboard,"₹12,179"
32,ASRock Z690 Pro RS Motherboard,"₹17,999"
33,ASUS Prime Z690-A Motherboard,"₹29,950"
34,Raspberry Pi 4-Model B-8GB RAM Motherboard,"₹8,099"
35,MSI PRO H410M-B Motherboard,"₹6,999"
36,Raspberry Pi 3 Model B+ Kit with Adapter Case LAN-HDMI Cable HeatSink SD Card & RPi 3B Plus Motherboard,"₹5,499"
37,ZEBRONICS ZEB-61 MOTHERBOARD Motherboard,"₹2,225"
38,ASUS Prime Z690-P D4 Motherboard,"₹21,499"
39,ASUS ROG Strix Z490-F Gaming Motherboard,"₹25,719"
40,ASRock B450M-HDV Motherboard,"₹5,678"
41,ZEBRONICS ZEB-H81M2 with PCIE M.2 / NVMe Slot Motherboard,"₹2,449"
42,ZEBRONICS H61-i5-4GB-PFAN-COMBO Motherboard,"₹3,799"
43,ZEBRONICS Zeb H61M2 Motherboard with M2 slot LGA 1155 Socket Motherboard,"₹2,299"
44,ASUS PRIME H610M-E D4 Motherboard,"₹8,950"
45,MSI B550M PRO-VDH WIFI Motherboard,"₹12,999"
46,ZEBRONICS Zeb-H61M2 Motherboard,"₹2,299"
47,Ant Value G41MAD3 Motherboard,"₹2,161"
48,ASUS PRIME B550M-A WIFI II Motherboard,"₹13,999"
49,ASUS PRIME A320M-K Motherboard,"₹5,999"
50,ZEBRONICS ZEB-H61 Motherboard,"₹2,299"
51,ASUS Prime-B450M-A-II Motherboard,"₹8,999"
52,ZEBRONICS H61 Motherboard,"₹2,104"
53,ASRock B550M Pro4 Motherboard,"₹9,389"
54,GIGABYTE A520M K Motherboard,"₹5,899"
55,ASUS ROG STRIX Z590-E Gaming Wi-Fi Motherboard,"₹33,517"
56,ASUS ?PRIME H410M-E Motherboard,"₹6,999"
57,"MSI PRO H510M-B Motherboard, Micro-ATX Motherboard","₹5,999"
58,ASUS ?ROG STRIX Z790-H GAMING WIFI Motherboard,"₹35,519"
59,GIGABYTE B550M-DS3H Motherboard,"₹9,800"
60,Frontech FT- H61 with Nvme slot LGA 1155 Socket Motherboard,"₹2,199"
61,ASUS TUF Gaming B550-PLUS Motherboard,"₹15,926"
62,GEONIX GX-H61 DDR3 Motherboard|2.0 USB| LGA 1155 Support Intel 2nd and 3rd Gen CPU DDR3 Motherboard,"₹1,999"
63,ASUS ROG STRIX X670E A GAMING WIFI Motherboard,"₹41,739"
64,MSI B450M PRO-VDH MAX Mini-ATX AM4 Gaming Motherboard,"₹8,899"
65,GIGABYTE B450M DS3H (AMD Ryzen AM4/M.2/HMDI/DVI/USB 3.1/DDR4/Micro ATX) Motherboard,"₹8,190"
66,ASUS TUF Gaming B560M-Plus Motherboard,"₹14,462"
67,LAPCARE h81 Motherboard,"₹3,299"
68,ASRock B560 Steel Legend Motherboard,"₹11,720"
69,MSI MEG Z590 GODLIKE Motherboard,"₹98,999"
70,ASUS ROG STRIX Z590-F Gaming Wi-Fi Motherboard,"₹29,999"
71,ASRock B550 PG Riptide Motherboard,"₹12,179"
72,ASRock Z690 Pro RS Motherboard,"₹17,999"
73,ASUS Prime Z690-A Motherboard,"₹29,950"
74,Raspberry Pi 4-Model B-8GB RAM Motherboard,"₹8,099"
75,MSI PRO H410M-B Motherboard,"₹6,999"
76,Raspberry Pi 3 Model B+ Kit with Adapter Case LAN-HDMI Cable HeatSink SD Card & RPi 3B Plus Motherboard,"₹5,499"
77,ZEBRONICS ZEB-61 MOTHERBOARD Motherboard,"₹2,225"
78,ASUS Prime Z690-P D4 Motherboard,"₹21,499"
79,ASUS ROG Strix Z490-F Gaming Motherboard,"₹25,719"
80,ASRock H610M-HDV/M.2 Motherboard,"₹7,019"
81,ASUS Prime B550M-K Motherboard,"₹10,384"
82,MSI A320M-A PRO AMD AM4 m-ATX DDR4 Motherboard,"₹5,999"
83,GIGABYTE B650M K Motherboard,"₹14,500"
84,GIGABYTE B550 GAMING X Motherboard,"₹12,205"
85,ZEBRONICS ZEB-H61M2 with PCIE M.2 / NVMe Slot (LGA 1155 Socket) Motherboard,"₹2,299"
86,ZEBRONICS ZEB-H310-NVMe Motherboard,"₹4,999"
87,ZEBRONICS Zeb H110-D4 LGA 1151 Socket Motherboard Motherboard,"₹4,337"
88,ZEB ZEBRONICS H61M2 Motherboard,"₹2,049"
89,EXPERTRONICS Consistent CMB G41-II DDR2 (3 Year Warranty) Motherboard,"₹2,038"
90,ASUS TUF-GAMING-B550M-E Motherboard,"₹13,181"
91,GEONIX Geonix_H61 Motherboard,"₹1,790"
92,ZEBRONICS Zeb H110-D4 Motherboard,"₹3,980"
93,ASUS TUF GAMING X670E PLUS Motherboard,"₹32,952"
94,GIGABYTE B450-Aorus Elite V2 Motherboard,"₹10,043"
95,"Enter E-G41D2 (4SATA, 775LGA, DDR2, 10/100LAN, Intel G41+ICH7 Chipset, 5.1Audio, PCIe) Motherboard","₹1,945"
96,Frontech G41/775 DDR2 Motherboard,"₹1,974"
97,Matrix MXH81 Motherboard,"₹2,591"
98,Ant Value H110MAD4 Motherboard,"₹4,256"
99,MSI PRO B660-A DDR4 Motherboard,"₹24,449"
100,"Enter i3,i5,i7 SUPPORT E-H61 MOTHERBOARD Motherboard","₹2,070"
101,GIGABYTE B450-S2H Motherboard,"₹6,749"
102,ASRock B560 Pro4 Motherboard,"₹9,299"
103,ZEBRONICS ZEB-H81M2 with PCIE M.2 / NVMe Slot (LGA 1150 Socket) Motherboard,"₹2,449"
104,ASRock X570 Phantom Gaming4 Motherboard,"₹14,269"
105,ZEBRONICS Zeb-H61 Motherboard,"₹1,971"
106,ASRock B550 Taichi Motherboard,"₹23,449"
107,ASUS TUF GAMING B660M-PLUS WIFI D4 Motherboard,"₹18,821"
108,ZEBRONICS ZEB-H81 Motherboard,"₹2,478"
109,ASUS Prime H510M-E Motherboard,"₹7,499"
110,ASRock B660 Pro RS Motherboard,"₹11,499"
111,GIGABYTE MBG-B760MAORUSPROAX Motherboard,"₹23,999"
112,MSI MPG X570 GAMING PLUS ATX AM4 Gaming Motherboard,"₹23,699"
113,ASUS ROG STRIX B550-F GAMING WIFI II Motherboard,"₹23,999"
114,ASUS TUF GAMING B660M-PLUS D4 Motherboard,"₹18,999"
115,ASRock Z690 Steel Legend WiFi 6E Motherboard,"₹25,499"
116,MSI MAG B560 TOMAHAWK WIFI Motherboard,"₹20,599"
117,"ZEBRONICS ZEB-H61 LGA 1155 Socket ,128GB SATA 2.5"" SSD Combo Set Motherboard Motherboard","₹3,790"
118,MSI Z590 UNIFY Motherboard,"₹28,844"
119,Cansistant CONSISTENT_H61 Motherboard,"₹1,950"
120,ASRock B450M-HDV Motherboard,"₹5,678"
121,ZEBRONICS ZEB-H81M2 with PCIE M.2 / NVMe Slot Motherboard,"₹2,449"
122,ZEBRONICS H61-i5-4GB-PFAN-COMBO Motherboard,"₹3,799"
123,ZEBRONICS Zeb H61M2 Motherboard with M2 slot LGA 1155 Socket Motherboard,"₹2,299"
124,ASUS PRIME H610M-E D4 Motherboard,"₹8,950"
125,MSI B550M PRO-VDH WIFI Motherboard,"₹12,999"
126,ZEBRONICS Zeb-H61M2 Motherboard,"₹2,299"
127,Ant Value G41MAD3 Motherboard,"₹2,161"
128,ASUS PRIME B550M-A WIFI II Motherboard,"₹13,999"
129,ASUS PRIME A320M-K Motherboard,"₹5,999"
130,ZEBRONICS ZEB-H61 Motherboard,"₹2,299"
131,ASUS Prime-B450M-A-II Motherboard,"₹8,999"
132,ZEBRONICS H61 Motherboard,"₹2,104"
133,ASRock B550M Pro4 Motherboard,"₹9,389"
134,GIGABYTE A520M K Motherboard,"₹5,899"
135,ASUS ROG STRIX Z590-E Gaming Wi-Fi Motherboard,"₹33,517"
136,ASUS ?PRIME H410M-E Motherboard,"₹6,999"
137,"MSI PRO H510M-B Motherboard, Micro-ATX Motherboard","₹5,999"
138,ASUS ?ROG STRIX Z790-H GAMING WIFI Motherboard,"₹35,519"
139,GIGABYTE B550M-DS3H Motherboard,"₹9,800"
140,Frontech FT- H61 with Nvme slot LGA 1155 Socket Motherboard,"₹2,199"
141,ASUS TUF Gaming B550-PLUS Motherboard,"₹15,926"
142,GEONIX GX-H61 DDR3 Motherboard|2.0 USB| LGA 1155 Support Intel 2nd and 3rd Gen CPU DDR3 Motherboard,"₹1,999"
143,ASUS ROG STRIX X670E A GAMING WIFI Motherboard,"₹41,739"
144,MSI B450M PRO-VDH MAX Mini-ATX AM4 Gaming Motherboard,"₹8,899"
145,GIGABYTE B450M DS3H (AMD Ryzen AM4/M.2/HMDI/DVI/USB 3.1/DDR4/Micro ATX) Motherboard,"₹8,190"
146,ASUS TUF Gaming B560M-Plus Motherboard,"₹14,462"
147,LAPCARE h81 Motherboard,"₹3,299"
148,ASRock B560 Steel Legend Motherboard,"₹11,720"
149,MSI MEG Z590 GODLIKE Motherboard,"₹98,999"
150,ASUS ROG STRIX Z590-F Gaming Wi-Fi Motherboard,"₹29,999"
151,ASRock B550 PG Riptide Motherboard,"₹12,179"
152,ASRock Z690 Pro RS Motherboard,"₹17,999"
153,ASUS Prime Z690-A Motherboard,"₹29,950"
154,Raspberry Pi 4-Model B-8GB RAM Motherboard,"₹8,099"
155,MSI PRO H410M-B Motherboard,"₹6,999"
156,Raspberry Pi 3 Model B+ Kit with Adapter Case LAN-HDMI Cable HeatSink SD Card & RPi 3B Plus Motherboard,"₹5,499"
157,ZEBRONICS ZEB-61 MOTHERBOARD Motherboard,"₹2,225"
158,ASUS Prime Z690-P D4 Motherboard,"₹21,499"
159,ASUS ROG Strix Z490-F Gaming Motherboard,"₹25,719"
160,ASRock H610M-HDV/M.2 Motherboard,"₹7,019"
161,ASUS Prime B550M-K Motherboard,"₹10,384"
162,MSI A320M-A PRO AMD AM4 m-ATX DDR4 Motherboard,"₹5,999"
163,GIGABYTE B650M K Motherboard,"₹14,500"
164,GIGABYTE B550 GAMING X Motherboard,"₹12,205"
165,ZEBRONICS ZEB-H61M2 with PCIE M.2 / NVMe Slot (LGA 1155 Socket) Motherboard,"₹2,299"
166,ZEBRONICS ZEB-H310-NVMe Motherboard,"₹4,999"
167,ZEBRONICS Zeb H110-D4 LGA 1151 Socket Motherboard Motherboard,"₹4,337"
168,ZEB ZEBRONICS H61M2 Motherboard,"₹2,049"
169,EXPERTRONICS Consistent CMB G41-II DDR2 (3 Year Warranty) Motherboard,"₹2,038"
170,ASUS TUF-GAMING-B550M-E Motherboard,"₹13,181"
171,GEONIX Geonix_H61 Motherboard,"₹1,790"
172,ZEBRONICS Zeb H110-D4 Motherboard,"₹3,980"
173,ASUS TUF GAMING X670E PLUS Motherboard,"₹32,952"
174,GIGABYTE B450-Aorus Elite V2 Motherboard,"₹10,043"
175,"Enter E-G41D2 (4SATA, 775LGA, DDR2, 10/100LAN, Intel G41+ICH7 Chipset, 5.1Audio, PCIe) Motherboard","₹1,945"
176,Frontech G41/775 DDR2 Motherboard,"₹1,974"
177,Matrix MXH81 Motherboard,"₹2,591"
178,Ant Value H110MAD4 Motherboard,"₹4,256"
179,MSI PRO B660-A DDR4 Motherboard,"₹24,449"
180,"Enter i3,i5,i7 SUPPORT E-H61 MOTHERBOARD Motherboard","₹2,070"
181,GIGABYTE B450-S2H Motherboard,"₹6,749"
182,ASRock B560 Pro4 Motherboard,"₹9,299"
183,ZEBRONICS ZEB-H81M2 with PCIE M.2 / NVMe Slot (LGA 1150 Socket) Motherboard,"₹2,449"
184,ASRock X570 Phantom Gaming4 Motherboard,"₹14,269"
185,ZEBRONICS Zeb-H61 Motherboard,"₹1,971"
186,ASRock B550 Taichi Motherboard,"₹23,449"
187,ASUS TUF GAMING B660M-PLUS WIFI D4 Motherboard,"₹18,821"
188,ZEBRONICS ZEB-H81 Motherboard,"₹2,478"
189,ASUS Prime H510M-E Motherboard,"₹7,499"
190,ASRock B660 Pro RS Motherboard,"₹11,499"
191,GIGABYTE MBG-B760MAORUSPROAX Motherboard,"₹23,999"
192,MSI MPG X570 GAMING PLUS ATX AM4 Gaming Motherboard,"₹23,699"
193,ASUS ROG STRIX B550-F GAMING WIFI II Motherboard,"₹23,999"
194,ASUS TUF GAMING B660M-PLUS D4 Motherboard,"₹18,999"
195,ASRock Z690 Steel Legend WiFi 6E Motherboard,"₹25,499"
196,MSI MAG B560 TOMAHAWK WIFI Motherboard,"₹20,599"
197,"ZEBRONICS ZEB-H61 LGA 1155 Socket ,128GB SATA 2.5"" SSD Combo Set Motherboard Motherboard","₹3,790"
198,MSI Z590 UNIFY Motherboard,"₹28,844"
199,Cansistant CONSISTENT_H61 Motherboard,"₹1,950"
200,GIGABYTE B560M-H V2 Motherboard,"₹7,149"
201,MSI B560M PRO-E Motherboard,"₹8,499"
202,ASRock Z690 Steel Legend Motherboard,"₹22,499"
203,GIGABYTE B550-Gaming X V2 Motherboard,"₹12,249"
204,Matrix MXH61 Motherboard,"₹1,976"
205,ASUS PRIME X670-P CSM Motherboard,"₹28,149"
206,ASRock Z790 Steel legend WiFi Motherboard,"₹30,299"
207,ASRock Z790 PG- ITX/TB4 Motherboard,"₹38,999"
208,Dtech Gigabyte H81M-S Motherboard,"₹3,499"
209,ZEBRONICS H61+128 SATA GB SSD + 4GB starlite DDR3 RAM with CORE i3 3RD GEN CPU Combo set Motherboard,"₹5,790"
210,GIGABYTE Z790 UD AC Motherboard,"₹26,999"
211,ASRock B650E Steel Legend WiFi Motherboard,"₹27,399"
212,"Raspberry Pi 4 Model B 8GB RAM Kit with 32GB Noobs, LAN-mHDMI Cable, Power Supply, RPi 4B 8GB Motherboard","₹12,999"
213,GIGABYTE B550-DS3H-AC Motherboard,"₹11,000"
214,"Raspberry Pi 4 Model B 2GB RAM Kit with 32GB Noobs, LAN-mHDMI Cable, Power Supply, RPi 4B 2GB Motherboard","₹8,500"
215,MSI MPG B550 Gaming Plus Motherboard,"₹17,999"
216,ASUS TUF GAMING B650M-PLUS WIFI Motherboard,"₹23,161"
217,ASUS EX-B660M-V5 D4 Motherboard,"₹11,924"
218,Dtech H110M4-C2H Motherboard,"₹2,999"
219,MSI MEG Z490I UNIFY Mini-ATX LGA 1200 Gaming Motherboard,"₹19,667"
220,MSI MEG X570 UNIFY ATX AM4 Gaming Motherboard,"₹35,007"
221,ZEBRONICS H61M2+240GB WD SSD + 8GB starlite DDR3 RAM with CORE i5 3RD GEN CPU Combo set Motherboard,"₹7,200"
222,Ant Value H61MAD3 Motherboard,"₹5,499"
223,ASUS TUF GAMING B650M-PLUS Motherboard,"₹21,585"
224,GIGABYTE B550-Aorus Elite AX V2 Motherboard,"₹16,800"
225,ASUS Rog Strix Z690-A Gaming Wifi D4 Motherboard,"₹37,199"
226,MSI MAG B550 TOMAHAWK Motherboard,"₹18,000"
227,ASRock B650 PG Lightning Motherboard,"₹20,799"
228,ASRock B550 Pro4 Motherboard,"₹16,149"
229,ZEBRONICS ZEB-G41 - D2 Motherboard,"₹2,390"
230,ASRock Z690M-ITX/ax Motherboard,"₹21,499"
231,Frontech H61/1155 DDR3 Motherboard,"₹2,059"
232,ASRock Z590 OC Formula Motherboard,"₹55,809"
233,ZEBRONICS G41-D3-COMBO-KIT Motherboard,"₹3,475"
234,ASUS PROART B660-CREATOR D4 Motherboard,"₹25,609"
235,ASRock Z590 Phantom Gaming4/AC Motherboard,"₹15,569"
236,ASRock B650 Pro RS Motherboard,"₹21,949"
237,MSI Z590 PRO WIFI Motherboard,"₹21,699"
238,GEONIX GX-H81 D3 Motherboard,"₹2,690"
239,ZEBRONICS G41 Motherboard,"₹1,999"
240,ASRock B450M-HDV Motherboard,"₹5,678"
241,ZEBRONICS ZEB-H81M2 with PCIE M.2 / NVMe Slot Motherboard,"₹2,449"
242,ZEBRONICS H61-i5-4GB-PFAN-COMBO Motherboard,"₹3,799"
243,ZEBRONICS Zeb H61M2 Motherboard with M2 slot LGA 1155 Socket Motherboard,"₹2,299"
244,ASUS PRIME H610M-E D4 Motherboard,"₹8,950"
245,MSI B550M PRO-VDH WIFI Motherboard,"₹12,999"
246,ZEBRONICS Zeb-H61M2 Motherboard,"₹2,299"
247,Ant Value G41MAD3 Motherboard,"₹2,161"
248,ASUS PRIME B550M-A WIFI II Motherboard,"₹13,999"
249,ASUS PRIME A320M-K Motherboard,"₹5,999"
250,ZEBRONICS ZEB-H61 Motherboard,"₹2,299"
251,ASUS Prime-B450M-A-II Motherboard,"₹8,999"
252,ZEBRONICS H61 Motherboard,"₹2,104"
253,ASRock B550M Pro4 Motherboard,"₹9,389"
254,GIGABYTE A520M K Motherboard,"₹5,899"
255,ASUS ROG STRIX Z590-E Gaming Wi-Fi Motherboard,"₹33,517"
256,ASUS ?PRIME H410M-E Motherboard,"₹6,999"
257,"MSI PRO H510M-B Motherboard, Micro-ATX Motherboard","₹5,999"
258,ASUS ?ROG STRIX Z790-H GAMING WIFI Motherboard,"₹35,519"
259,GIGABYTE B550M-DS3H Motherboard,"₹9,800"
260,Frontech FT- H61 with Nvme slot LGA 1155 Socket Motherboard,"₹2,199"
261,ASUS TUF Gaming B550-PLUS Motherboard,"₹15,926"
262,GEONIX GX-H61 DDR3 Motherboard|2.0 USB| LGA 1155 Support Intel 2nd and 3rd Gen CPU DDR3 Motherboard,"₹1,999"
263,ASUS ROG STRIX X670E A GAMING WIFI Motherboard,"₹41,739"
264,MSI B450M PRO-VDH MAX Mini-ATX AM4 Gaming Motherboard,"₹8,899"
265,GIGABYTE B450M DS3H (AMD Ryzen AM4/M.2/HMDI/DVI/USB 3.1/DDR4/Micro ATX) Motherboard,"₹8,190"
266,ASUS TUF Gaming B560M-Plus Motherboard,"₹14,462"
267,LAPCARE h81 Motherboard,"₹3,299"
268,ASRock B560 Steel Legend Motherboard,"₹11,720"
269,MSI MEG Z590 GODLIKE Motherboard,"₹98,999"
270,ASUS ROG STRIX Z590-F Gaming Wi-Fi Motherboard,"₹29,999"
271,ASRock B550 PG Riptide Motherboard,"₹12,179"
272,ASRock Z690 Pro RS Motherboard,"₹17,999"
273,ASUS Prime Z690-A Motherboard,"₹29,950"
274,Raspberry Pi 4-Model B-8GB RAM Motherboard,"₹8,099"
275,MSI PRO H410M-B Motherboard,"₹6,999"
276,Raspberry Pi 3 Model B+ Kit with Adapter Case LAN-HDMI Cable HeatSink SD Card & RPi 3B Plus Motherboard,"₹5,499"
277,ZEBRONICS ZEB-61 MOTHERBOARD Motherboard,"₹2,225"
278,ASUS Prime Z690-P D4 Motherboard,"₹21,499"
279,ASUS ROG Strix Z490-F Gaming Motherboard,"₹25,719"
280,ASRock H610M-HDV/M.2 Motherboard,"₹7,019"
281,ASUS Prime B550M-K Motherboard,"₹10,384"
282,MSI A320M-A PRO AMD AM4 m-ATX DDR4 Motherboard,"₹5,999"
283,GIGABYTE B650M K Motherboard,"₹14,500"
284,GIGABYTE B550 GAMING X Motherboard,"₹12,205"
285,ZEBRONICS ZEB-H61M2 with PCIE M.2 / NVMe Slot (LGA 1155 Socket) Motherboard,"₹2,299"
286,ZEBRONICS ZEB-H310-NVMe Motherboard,"₹4,999"
287,ZEBRONICS Zeb H110-D4 LGA 1151 Socket Motherboard Motherboard,"₹4,337"
288,ZEB ZEBRONICS H61M2 Motherboard,"₹2,049"
289,EXPERTRONICS Consistent CMB G41-II DDR2 (3 Year Warranty) Motherboard,"₹2,038"
290,ASUS TUF-GAMING-B550M-E Motherboard,"₹13,181"
291,GEONIX Geonix_H61 Motherboard,"₹1,790"
292,ZEBRONICS Zeb H110-D4 Motherboard,"₹3,980"
293,ASUS TUF GAMING X670E PLUS Motherboard,"₹32,952"
294,GIGABYTE B450-Aorus Elite V2 Motherboard,"₹10,043"
295,"Enter E-G41D2 (4SATA, 775LGA, DDR2, 10/100LAN, Intel G41+ICH7 Chipset, 5.1Audio, PCIe) Motherboard","₹1,945"
296,Frontech G41/775 DDR2 Motherboard,"₹1,974"
297,Matrix MXH81 Motherboard,"₹2,591"
298,Ant Value H110MAD4 Motherboard,"₹4,256"
299,MSI PRO B660-A DDR4 Motherboard,"₹24,449"
300,"Enter i3,i5,i7 SUPPORT E-H61 MOTHERBOARD Motherboard","₹2,070"
301,GIGABYTE B450-S2H Motherboard,"₹6,749"
302,ASRock B560 Pro4 Motherboard,"₹9,299"
303,ZEBRONICS ZEB-H81M2 with PCIE M.2 / NVMe Slot (LGA 1150 Socket) Motherboard,"₹2,449"
304,ASRock X570 Phantom Gaming4 Motherboard,"₹14,269"
305,ZEBRONICS Zeb-H61 Motherboard,"₹1,971"
306,ASRock B550 Taichi Motherboard,"₹23,449"
307,ASUS TUF GAMING B660M-PLUS WIFI D4 Motherboard,"₹18,821"
308,ZEBRONICS ZEB-H81 Motherboard,"₹2,478"
309,ASUS Prime H510M-E Motherboard,"₹7,499"
310,ASRock B660 Pro RS Motherboard,"₹11,499"
311,GIGABYTE MBG-B760MAORUSPROAX Motherboard,"₹23,999"
312,MSI MPG X570 GAMING PLUS ATX AM4 Gaming Motherboard,"₹23,699"
313,ASUS ROG STRIX B550-F GAMING WIFI II Motherboard,"₹23,999"
314,ASUS TUF GAMING B660M-PLUS D4 Motherboard,"₹18,999"
315,ASRock Z690 Steel Legend WiFi 6E Motherboard,"₹25,499"
316,MSI MAG B560 TOMAHAWK WIFI Motherboard,"₹20,599"
317,"ZEBRONICS ZEB-H61 LGA 1155 Socket ,128GB SATA 2.5"" SSD Combo Set Motherboard Motherboard","₹3,790"
318,MSI Z590 UNIFY Motherboard,"₹28,844"
319,Cansistant CONSISTENT_H61 Motherboard,"₹1,950"
320,GIGABYTE B560M-H V2 Motherboard,"₹7,149"
321,MSI B560M PRO-E Motherboard,"₹8,499"
322,ASRock Z690 Steel Legend Motherboard,"₹22,499"
323,GIGABYTE B550-Gaming X V2 Motherboard,"₹12,249"
324,Matrix MXH61 Motherboard,"₹1,976"
325,ASUS PRIME X670-P CSM Motherboard,"₹28,149"
326,ASRock Z790 Steel legend WiFi Motherboard,"₹30,299"
327,ASRock Z790 PG- ITX/TB4 Motherboard,"₹38,999"
328,Dtech Gigabyte H81M-S Motherboard,"₹3,499"
329,ZEBRONICS H61+128 SATA GB SSD + 4GB starlite DDR3 RAM with CORE i3 3RD GEN CPU Combo set Motherboard,"₹5,790"
330,GIGABYTE Z790 UD AC Motherboard,"₹26,999"
331,ASRock B650E Steel Legend WiFi Motherboard,"₹27,399"
332,"Raspberry Pi 4 Model B 8GB RAM Kit with 32GB Noobs, LAN-mHDMI Cable, Power Supply, RPi 4B 8GB Motherboard","₹12,999"
333,GIGABYTE B550-DS3H-AC Motherboard,"₹11,000"
334,"Raspberry Pi 4 Model B 2GB RAM Kit with 32GB Noobs, LAN-mHDMI Cable, Power Supply, RPi 4B 2GB Motherboard","₹8,500"
335,MSI MPG B550 Gaming Plus Motherboard,"₹17,999"
336,ASUS TUF GAMING B650M-PLUS WIFI Motherboard,"₹23,161"
337,ASUS EX-B660M-V5 D4 Motherboard,"₹11,924"
338,Dtech H110M4-C2H Motherboard,"₹2,999"
339,MSI MEG Z490I UNIFY Mini-ATX LGA 1200 Gaming Motherboard,"₹19,667"
340,MSI MEG X570 UNIFY ATX AM4 Gaming Motherboard,"₹35,007"
341,ZEBRONICS H61M2+240GB WD SSD + 8GB starlite DDR3 RAM with CORE i5 3RD GEN CPU Combo set Motherboard,"₹7,200"
342,Ant Value H61MAD3 Motherboard,"₹5,499"
343,ASUS TUF GAMING B650M-PLUS Motherboard,"₹21,585"
344,GIGABYTE B550-Aorus Elite AX V2 Motherboard,"₹16,800"
345,ASUS Rog Strix Z690-A Gaming Wifi D4 Motherboard,"₹37,199"
346,MSI MAG B550 TOMAHAWK Motherboard,"₹18,000"
347,ASRock B650 PG Lightning Motherboard,"₹20,799"
348,ASRock B550 Pro4 Motherboard,"₹16,149"
349,ZEBRONICS ZEB-G41 - D2 Motherboard,"₹2,390"
350,ASRock Z690M-ITX/ax Motherboard,"₹21,499"
351,Frontech H61/1155 DDR3 Motherboard,"₹2,059"
352,ASRock Z590 OC Formula Motherboard,"₹55,809"
353,ZEBRONICS G41-D3-COMBO-KIT Motherboard,"₹3,475"
354,ASUS PROART B660-CREATOR D4 Motherboard,"₹25,609"
355,ASRock Z590 Phantom Gaming4/AC Motherboard,"₹15,569"
356,ASRock B650 Pro RS Motherboard,"₹21,949"
357,MSI Z590 PRO WIFI Motherboard,"₹21,699"
358,GEONIX GX-H81 D3 Motherboard,"₹2,690"
359,ZEBRONICS G41 Motherboard,"₹1,999"
360,MSI Z590 PRO WIFI Motherboard,"₹21,699"
361,ASRock B650 Pro RS Motherboard,"₹21,949"
362,ZEBRONICS ZEB H61 MBRD Motherboard,"₹2,199"
363,MSI MEG Z690 Ace E-ATX Motherboard,"₹74,078"
364,MSI PRO Z690-A WIFI Motherboard,"₹28,999"
365,ZEBRONICS G41 Motherboard,"₹1,999"
366,GEONIX GX-H81 D3 Motherboard,"₹2,690"
367,MSI Z490-A PRO ATX LGA 1200 Gaming Motherboard,"₹12,999"
368,ASRock Z690 Taichi Razer Edition Motherboard,"₹54,999"
369,GIGABYTE ?B760M DS3H AX Motherboard,"₹17,499"
370,ASUS Tuf Gaming Z690-Plus D4 Motherboard,"₹25,498"
371,ZEBRONICS H61+240GB CRUCIAL SSD + 4GB starlite DDR3 RAM with CORE i3 3RD GEN CPU Combo set Motherboard,"₹5,999"
372,ZEBRONICS H61 Supported Socket 1155 RAM DDR3 Motherboard,"₹2,225"
373,MSI MPG Z490 GAMING CARBON WIFI ATX LGA 1200 Gaming Motherboard,"₹27,879"
374,"Raspberry Pi 4 Model B 4GB RAM Kit with 32GB Noobs, LAN-mHDMI Cable, Power Supply, RPi 4B 4GB Motherboard","₹9,500"
375,GIGABYTE B550-DS3H-AC Motherboard,"₹11,000"
376,ASUS Prime Z690M-Plus Motherboard,"₹21,009"
377,ASRock Z790 Pro RS WiFi Motherboard,"₹28,849"
378,ASUS ?TUF GAMING Z790-PLUS WIFI Motherboard,"₹35,999"
379,MSI MPG Z490 GAMING EDGE WIFI ATX LGA 1200 Gaming Motherboard,"₹22,799"
380,ASRock Z790M PG Lightning/D4 Motherboard,"₹19,039"
381,ZEBRONICS H61 Mboard + i5 3470 Processor + 4GB DDR3 Ram + CPU Fan Motherboard,"₹4,761"
382,ASRock Z690M Phantom Gaming 4 Motherboard,"₹13,499"
383,AARVEX 61 Motherboard,"₹3,050"
384,ASUS PRIME B660-PLUS D4 Motherboard,"₹16,999"
385,ASUS PRIME X570- PRO/CSM Motherboard,"₹26,999"
386,ASUS Tuf Gaming Z690-Plus Wifi D4 Motherboard,"₹25,606"
387,ASUS TUF GAMING Z590-PLUS Motherboard,"₹19,799"
388,ASUS EX B460M-V5 Motherboard,"₹8,742"
389,ASUS PRIME X670 P WIFI CSM Motherboard,"₹30,002"
390,FOXI FOXIN H81 MOTHERBOARD Motherboard,"₹3,880"
391,"Raspberry Pi 3 Model B 1GB RAM, 1.2GHz CPU, WiFi/BLE, 40 GPIO Pins Single Board Computer Motherboard","₹4,649"
392,ZEBRONICS Zeb-H61M2 with M2 slot LGA 1155 Socket Motherboard,"₹2,449"
393,ASRock Z790M -ITX WiFi Motherboard,"₹26,139"
394,MSI MEG Z590I UNIFY Motherboard,"₹37,399"
395,ASUS PRIME B660M-A D4 Motherboard,"₹14,499"
396,MSI MPG Z690 CARBON EK X Motherboard,"₹40,513"
397,MSI MPG Z690 EDGE WIFI DDR4 Motherboard,"₹32,100"
398,ASUS TUF Gaming Z590-Plus Wi-Fi Motherboard,"₹22,532"
399,ZEBRONICS ZEB-G41 D3 Motherboard,"₹2,450"
400,ASRock B450M-HDV Motherboard,"₹5,678"
401,ZEBRONICS ZEB-H81M2 with PCIE M.2 / NVMe Slot Motherboard,"₹2,449"
402,ZEBRONICS H61-i5-4GB-PFAN-COMBO Motherboard,"₹3,799"
403,ZEBRONICS Zeb H61M2 Motherboard with M2 slot LGA 1155 Socket Motherboard,"₹2,299"
404,ASUS PRIME H610M-E D4 Motherboard,"₹8,950"
405,MSI B550M PRO-VDH WIFI Motherboard,"₹12,999"
406,ZEBRONICS Zeb-H61M2 Motherboard,"₹2,299"
407,Ant Value G41MAD3 Motherboard,"₹2,161"
408,ASUS PRIME B550M-A WIFI II Motherboard,"₹13,999"
409,ASUS PRIME A320M-K Motherboard,"₹5,999"
410,ZEBRONICS ZEB-H61 Motherboard,"₹2,299"
411,ASUS Prime-B450M-A-II Motherboard,"₹8,999"
412,ZEBRONICS H61 Motherboard,"₹2,104"
413,ASRock B550M Pro4 Motherboard,"₹9,389"
414,GIGABYTE A520M K Motherboard,"₹5,899"
415,ASUS ROG STRIX Z590-E Gaming Wi-Fi Motherboard,"₹33,517"
416,ASUS ?PRIME H410M-E Motherboard,"₹6,999"
417,"MSI PRO H510M-B Motherboard, Micro-ATX Motherboard","₹5,999"
418,ASUS ?ROG STRIX Z790-H GAMING WIFI Motherboard,"₹35,519"
419,GIGABYTE B550M-DS3H Motherboard,"₹9,800"
420,Frontech FT- H61 with Nvme slot LGA 1155 Socket Motherboard,"₹2,199"
421,ASUS TUF Gaming B550-PLUS Motherboard,"₹15,926"
422,GEONIX GX-H61 DDR3 Motherboard|2.0 USB| LGA 1155 Support Intel 2nd and 3rd Gen CPU DDR3 Motherboard,"₹1,999"
423,ASUS ROG STRIX X670E A GAMING WIFI Motherboard,"₹41,739"
424,MSI B450M PRO-VDH MAX Mini-ATX AM4 Gaming Motherboard,"₹8,899"
425,GIGABYTE B450M DS3H (AMD Ryzen AM4/M.2/HMDI/DVI/USB 3.1/DDR4/Micro ATX) Motherboard,"₹8,190"
426,ASUS TUF Gaming B560M-Plus Motherboard,"₹14,462"
427,LAPCARE h81 Motherboard,"₹3,299"
428,ASRock B560 Steel Legend Motherboard,"₹11,720"
429,MSI MEG Z590 GODLIKE Motherboard,"₹98,999"
430,ASUS ROG STRIX Z590-F Gaming Wi-Fi Motherboard,"₹29,999"
431,ASRock B550 PG Riptide Motherboard,"₹12,179"
432,ASRock Z690 Pro RS Motherboard,"₹17,999"
433,ASUS Prime Z690-A Motherboard,"₹29,950"
434,Raspberry Pi 4-Model B-8GB RAM Motherboard,"₹8,099"
435,MSI PRO H410M-B Motherboard,"₹6,999"
436,Raspberry Pi 3 Model B+ Kit with Adapter Case LAN-HDMI Cable HeatSink SD Card & RPi 3B Plus Motherboard,"₹5,499"
437,ZEBRONICS ZEB-61 MOTHERBOARD Motherboard,"₹2,225"
438,ASUS Prime Z690-P D4 Motherboard,"₹21,499"
439,ASUS ROG Strix Z490-F Gaming Motherboard,"₹25,719"
440,ASRock H610M-HDV/M.2 Motherboard,"₹7,019"
441,ASUS Prime B550M-K Motherboard,"₹10,384"
442,MSI A320M-A PRO AMD AM4 m-ATX DDR4 Motherboard,"₹5,999"
443,GIGABYTE B650M K Motherboard,"₹14,500"
444,GIGABYTE B550 GAMING X Motherboard,"₹12,205"
445,ZEBRONICS ZEB-H61M2 with PCIE M.2 / NVMe Slot (LGA 1155 Socket) Motherboard,"₹2,299"
446,ZEBRONICS ZEB-H310-NVMe Motherboard,"₹4,999"
447,ZEBRONICS Zeb H110-D4 LGA 1151 Socket Motherboard Motherboard,"₹4,337"
448,ZEB ZEBRONICS H61M2 Motherboard,"₹2,049"
449,EXPERTRONICS Consistent CMB G41-II DDR2 (3 Year Warranty) Motherboard,"₹2,038"
450,ASUS TUF-GAMING-B550M-E Motherboard,"₹13,181"
451,GEONIX Geonix_H61 Motherboard,"₹1,790"
452,ZEBRONICS Zeb H110-D4 Motherboard,"₹3,980"
453,ASUS TUF GAMING X670E PLUS Motherboard,"₹32,952"
454,GIGABYTE B450-Aorus Elite V2 Motherboard,"₹10,043"
455,"Enter E-G41D2 (4SATA, 775LGA, DDR2, 10/100LAN, Intel G41+ICH7 Chipset, 5.1Audio, PCIe) Motherboard","₹1,945"
456,Frontech G41/775 DDR2 Motherboard,"₹1,974"
457,Matrix MXH81 Motherboard,"₹2,591"
458,Ant Value H110MAD4 Motherboard,"₹4,256"
459,MSI PRO B660-A DDR4 Motherboard,"₹24,449"
460,"Enter i3,i5,i7 SUPPORT E-H61 MOTHERBOARD Motherboard","₹2,070"
461,GIGABYTE B450-S2H Motherboard,"₹6,749"
462,ASRock B560 Pro4 Motherboard,"₹9,299"
463,ZEBRONICS ZEB-H81M2 with PCIE M.2 / NVMe Slot (LGA 1150 Socket) Motherboard,"₹2,449"
464,ASRock X570 Phantom Gaming4 Motherboard,"₹14,269"
465,ZEBRONICS Zeb-H61 Motherboard,"₹1,971"
466,ASRock B550 Taichi Motherboard,"₹23,449"
467,ASUS TUF GAMING B660M-PLUS WIFI D4 Motherboard,"₹18,821"
468,ZEBRONICS ZEB-H81 Motherboard,"₹2,478"
469,ASUS Prime H510M-E Motherboard,"₹7,499"
470,ASRock B660 Pro RS Motherboard,"₹11,499"
471,GIGABYTE MBG-B760MAORUSPROAX Motherboard,"₹23,999"
472,MSI MPG X570 GAMING PLUS ATX AM4 Gaming Motherboard,"₹23,699"
473,ASUS ROG STRIX B550-F GAMING WIFI II Motherboard,"₹23,999"
474,ASUS TUF GAMING B660M-PLUS D4 Motherboard,"₹18,999"
475,ASRock Z690 Steel Legend WiFi 6E Motherboard,"₹25,499"
476,MSI MAG B560 TOMAHAWK WIFI Motherboard,"₹20,599"
477,"ZEBRONICS ZEB-H61 LGA 1155 Socket ,128GB SATA 2.5"" SSD Combo Set Motherboard Motherboard","₹3,790"
478,MSI Z590 UNIFY Motherboard,"₹28,844"
479,Cansistant CONSISTENT_H61 Motherboard,"₹1,950"
480,GIGABYTE B560M-H V2 Motherboard,"₹7,149"
481,MSI B560M PRO-E Motherboard,"₹8,499"
482,ASRock Z690 Steel Legend Motherboard,"₹22,499"
483,GIGABYTE B550-Gaming X V2 Motherboard,"₹12,249"
484,Matrix MXH61 Motherboard,"₹1,976"
485,ASUS PRIME X670-P CSM Motherboard,"₹28,149"
486,ASRock Z790 Steel legend WiFi Motherboard,"₹30,299"
487,ASRock Z790 PG- ITX/TB4 Motherboard,"₹38,999"
488,Dtech Gigabyte H81M-S Motherboard,"₹3,499"
489,ZEBRONICS H61+128 SATA GB SSD + 4GB starlite DDR3 RAM with CORE i3 3RD GEN CPU Combo set Motherboard,"₹5,790"
490,GIGABYTE Z790 UD AC Motherboard,"₹26,999"
491,ASRock B650E Steel Legend WiFi Motherboard,"₹27,399"
492,"Raspberry Pi 4 Model B 8GB RAM Kit with 32GB Noobs, LAN-mHDMI Cable, Power Supply, RPi 4B 8GB Motherboard","₹12,999"
493,GIGABYTE B550-DS3H-AC Motherboard,"₹11,000"
494,"Raspberry Pi 4 Model B 2GB RAM Kit with 32GB Noobs, LAN-mHDMI Cable, Power Supply, RPi 4B 2GB Motherboard","₹8,500"
495,MSI MPG B550 Gaming Plus Motherboard,"₹17,999"
496,ASUS TUF GAMING B650M-PLUS WIFI Motherboard,"₹23,161"
497,ASUS EX-B660M-V5 D4 Motherboard,"₹11,924"
498,Dtech H110M4-C2H Motherboard,"₹2,999"
499,MSI MEG Z490I UNIFY Mini-ATX LGA 1200 Gaming Motherboard,"₹19,667"
500,MSI MEG X570 UNIFY ATX AM4 Gaming Motherboard,"₹35,007"
501,ZEBRONICS H61M2+240GB WD SSD + 8GB starlite DDR3 RAM with CORE i5 3RD GEN CPU Combo set Motherboard,"₹7,200"
502,Ant Value H61MAD3 Motherboard,"₹5,499"
503,ASUS TUF GAMING B650M-PLUS Motherboard,"₹21,585"
504,GIGABYTE B550-Aorus Elite AX V2 Motherboard,"₹16,800"
505,ASUS Rog Strix Z690-A Gaming Wifi D4 Motherboard,"₹37,199"
506,MSI MAG B550 TOMAHAWK Motherboard,"₹18,000"
507,ASRock B650 PG Lightning Motherboard,"₹20,799"
508,ASRock B550 Pro4 Motherboard,"₹16,149"
509,ZEBRONICS ZEB-G41 - D2 Motherboard,"₹2,390"
510,ASRock Z690M-ITX/ax Motherboard,"₹21,499"
511,Frontech H61/1155 DDR3 Motherboard,"₹2,059"
512,ASRock Z590 OC Formula Motherboard,"₹55,809"
513,ZEBRONICS G41-D3-COMBO-KIT Motherboard,"₹3,475"
514,ASUS PROART B660-CREATOR D4 Motherboard,"₹25,609"
515,ASRock Z590 Phantom Gaming4/AC Motherboard,"₹15,569"
516,ASRock B650 Pro RS Motherboard,"₹21,949"
517,MSI Z590 PRO WIFI Motherboard,"₹21,699"
518,GEONIX GX-H81 D3 Motherboard,"₹2,690"
519,ZEBRONICS G41 Motherboard,"₹1,999"
520,MSI Z590 PRO WIFI Motherboard,"₹21,699"
521,ASRock B650 Pro RS Motherboard,"₹21,949"
522,ZEBRONICS ZEB H61 MBRD Motherboard,"₹2,199"
523,MSI MEG Z690 Ace E-ATX Motherboard,"₹74,078"
524,MSI PRO Z690-A WIFI Motherboard,"₹28,999"
525,ZEBRONICS G41 Motherboard,"₹1,999"
526,GEONIX GX-H81 D3 Motherboard,"₹2,690"
527,MSI Z490-A PRO ATX LGA 1200 Gaming Motherboard,"₹12,999"
528,ASRock Z690 Taichi Razer Edition Motherboard,"₹54,999"
529,GIGABYTE ?B760M DS3H AX Motherboard,"₹17,499"
530,ASUS Tuf Gaming Z690-Plus D4 Motherboard,"₹25,498"
531,ZEBRONICS H61+240GB CRUCIAL SSD + 4GB starlite DDR3 RAM with CORE i3 3RD GEN CPU Combo set Motherboard,"₹5,999"
532,ZEBRONICS H61 Supported Socket 1155 RAM DDR3 Motherboard,"₹2,225"
533,MSI MPG Z490 GAMING CARBON WIFI ATX LGA 1200 Gaming Motherboard,"₹27,879"
534,"Raspberry Pi 4 Model B 4GB RAM Kit with 32GB Noobs, LAN-mHDMI Cable, Power Supply, RPi 4B 4GB Motherboard","₹9,500"
535,GIGABYTE B550-DS3H-AC Motherboard,"₹11,000"
536,ASUS Prime Z690M-Plus Motherboard,"₹21,009"
537,ASRock Z790 Pro RS WiFi Motherboard,"₹28,849"
538,ASUS ?TUF GAMING Z790-PLUS WIFI Motherboard,"₹35,999"
539,MSI MPG Z490 GAMING EDGE WIFI ATX LGA 1200 Gaming Motherboard,"₹22,799"
540,ASRock Z790M PG Lightning/D4 Motherboard,"₹19,039"
541,ZEBRONICS H61 Mboard + i5 3470 Processor + 4GB DDR3 Ram + CPU Fan Motherboard,"₹4,761"
542,ASRock Z690M Phantom Gaming 4 Motherboard,"₹13,499"
543,AARVEX 61 Motherboard,"₹3,050"
544,ASUS PRIME B660-PLUS D4 Motherboard,"₹16,999"
545,ASUS PRIME X570- PRO/CSM Motherboard,"₹26,999"
546,ASUS Tuf Gaming Z690-Plus Wifi D4 Motherboard,"₹25,606"
547,ASUS TUF GAMING Z590-PLUS Motherboard,"₹19,799"
548,ASUS EX B460M-V5 Motherboard,"₹8,742"
549,ASUS PRIME X670 P WIFI CSM Motherboard,"₹30,002"
550,FOXI FOXIN H81 MOTHERBOARD Motherboard,"₹3,880"
551,"Raspberry Pi 3 Model B 1GB RAM, 1.2GHz CPU, WiFi/BLE, 40 GPIO Pins Single Board Computer Motherboard","₹4,649"
552,ZEBRONICS Zeb-H61M2 with M2 slot LGA 1155 Socket Motherboard,"₹2,449"
553,ASRock Z790M -ITX WiFi Motherboard,"₹26,139"
554,MSI MEG Z590I UNIFY Motherboard,"₹37,399"
555,ASUS PRIME B660M-A D4 Motherboard,"₹14,499"
556,MSI MPG Z690 CARBON EK X Motherboard,"₹40,513"
557,MSI MPG Z690 EDGE WIFI DDR4 Motherboard,"₹32,100"
558,ASUS TUF Gaming Z590-Plus Wi-Fi Motherboard,"₹22,532"
559,ZEBRONICS ZEB-G41 D3 Motherboard,"₹2,450"
560,ZEBRONICS G41 Supported Socket 775 RAM DDR3 Motherboard,"₹2,019"
561,MSI MPG Z590 GAMING EDGE WIFI Motherboard,"₹29,518"
562,ZEBRONICS ZEB-G41-D2S Motherboard,"₹2,310"
563,GIGABYTE ?B760M DS3H AX DDR4 Motherboard,"₹16,999"
564,ZEBRONICS ZEB -H61 Motherboard,"₹2,190"
565,ZEBRONICS ZEB-H81M2 with NVMe Slot + Scuda 256GB NVMe SSD Combo Set (LGA 1150) Motherboard,"₹4,749"
566,Frontech H110/1151 DDR4 Motherboard,"₹3,819"
567,zebion H-61 Motherboard Motherboard,"₹2,800"
568,Frontech H55/1156 Motherboard,"₹2,129"
569,ZEBRONICS G41-D3-COMBO-KIT Motherboard,"₹3,475"
570,Dtech Lapcare H61 LA Motherboard,"₹2,399"
571,PAC 4-Digit PC Motherboard Diagnostic Card with User Manual Motherboard Motherboard,₹345
572,IKIS New PCI 4-Digit PC Motherboard Diagnostic Card with User Manual Motherboard,₹449
573,Dtech Gigabyte B75MS Motherboard with 3rd gen Core i3 Processor and 4Gb Ram Motherboard,"₹5,499"
574,aht M3A785GM-LE Motherboard,"₹1,615"
575,ZEBRONICS H81+128GB SATA SSD+4GB starlite DDR3 RAM with Pentium Dualcore G3250 CPU Combo Motherboard,"₹5,999"
576,Dtech Gigabyte GA-H61M-S Motherboard,"₹2,499"
577,Raspberry Pi 3 Model B Kit with Adapter Case LAN-HDMI Cable HeatSink SD Card & RPi 3B 1GB Motherboard,"₹5,499"
578,"ZEBRONICS ZEBH61 CORE I5 2400 8 GB RAM, FAN Motherboard","₹4,150"
579,Dtech Asus M4N68T-M LE V2 Motherboard,"₹2,399"
580,LAPCARE H110 Motherboard,"₹4,289"
581,ZEBRONICS Z31/G31 Combo kit Motherboard,"₹3,750"
582,GIGABYTE B560M-DS2H-AC Motherboard,"₹12,400"
583,ZEBRONICS H61+128 SATA GB SSD + 4GB starlite DDR3 RAM Combo set Motherboard,"₹5,062"
584,ASUS ROG STRIX B660A-GAMING-WiFi D4 Motherboard,"₹23,499"
585,ZEBRONICS ZEB-H61M2 with NVMe Slot + Scuda 256GB NVMe SSD Combo Set Motherboard,"₹4,549"
586,Raspberry Pi 4 Model B 2GB RAM Motherboard,"₹5,999"
587,ZEBRONICS H61M2+240GB WD SSD + 4GB starlite DDR3 RAM with CORE i3 3RD GEN CPU Combo set Motherboard,"₹6,500"
588,ZEBRONICS G41+128 GB SATA SSD + 4GB starlite DDR3 RAM with Core 2 Duo CPU Combo set Motherboard,"₹5,211"
589,Cmos Micro Lithium Cell CR2032 Motherboard,₹202
590,RashMove FMB-G41(DDR3) Motherboard,"₹4,500"
591,ZEB ZEBRONICS_H61M2 Motherboard,"₹3,249"
592,GIGABYTE 110MH Motherboard,"₹7,499"
593,MSI Z590 PLUS Motherboard,"₹17,649"
594,TECHON New PCI 4-digit PC Diagnostic Card With User Manual (red) Motherboard,₹331
595,ZEBRONICS H81M2+ Starlite 256GB NVME SSD & 8GB RAM with Intel Core i3 Processor combo set Motherboard,"₹8,948"
596,ZEBRONICS H81+240GB CRUCIAL SSD + 4GB starlite DDR3 RAM with CORE i3 4Th GEN CPU Combo set Motherboard,"₹7,749"
597,ZEBRONICS ZEB-H61 Motherboard,"₹2,449"
598,Dtech ECS H61H2 Motherboard Intel G2020 Processor 2Gb Adata Ram DDR3 Motherboard,"₹2,799"
599,ZEBRONICS H55-COMBO-KIT-4GB Motherboard,"₹4,850"
600,ASRock B450M-HDV Motherboard,"₹5,678"
601,ZEBRONICS ZEB-H81M2 with PCIE M.2 / NVMe Slot Motherboard,"₹2,449"
602,ZEBRONICS H61-i5-4GB-PFAN-COMBO Motherboard,"₹3,799"
603,ZEBRONICS Zeb H61M2 Motherboard with M2 slot LGA 1155 Socket Motherboard,"₹2,299"
604,ASUS PRIME H610M-E D4 Motherboard,"₹8,950"
605,MSI B550M PRO-VDH WIFI Motherboard,"₹12,999"
606,ZEBRONICS Zeb-H61M2 Motherboard,"₹2,299"
607,Ant Value G41MAD3 Motherboard,"₹2,161"
608,ASUS PRIME B550M-A WIFI II Motherboard,"₹13,999"
609,ASUS PRIME A320M-K Motherboard,"₹5,999"
610,ZEBRONICS ZEB-H61 Motherboard,"₹2,299"
611,ASUS Prime-B450M-A-II Motherboard,"₹8,999"
612,ZEBRONICS H61 Motherboard,"₹2,104"
613,ASRock B550M Pro4 Motherboard,"₹9,389"
614,GIGABYTE A520M K Motherboard,"₹5,899"
615,ASUS ROG STRIX Z590-E Gaming Wi-Fi Motherboard,"₹33,517"
616,ASUS ?PRIME H410M-E Motherboard,"₹6,999"
617,"MSI PRO H510M-B Motherboard, Micro-ATX Motherboard","₹5,999"
618,ASUS ?ROG STRIX Z790-H GAMING WIFI Motherboard,"₹35,519"
619,GIGABYTE B550M-DS3H Motherboard,"₹9,800"
620,Frontech FT- H61 with Nvme slot LGA 1155 Socket Motherboard,"₹2,199"
621,ASUS TUF Gaming B550-PLUS Motherboard,"₹15,926"
622,GEONIX GX-H61 DDR3 Motherboard|2.0 USB| LGA 1155 Support Intel 2nd and 3rd Gen CPU DDR3 Motherboard,"₹1,999"
623,ASUS ROG STRIX X670E A GAMING WIFI Motherboard,"₹41,739"
624,MSI B450M PRO-VDH MAX Mini-ATX AM4 Gaming Motherboard,"₹8,899"
625,GIGABYTE B450M DS3H (AMD Ryzen AM4/M.2/HMDI/DVI/USB 3.1/DDR4/Micro ATX) Motherboard,"₹8,190"
626,ASUS TUF Gaming B560M-Plus Motherboard,"₹14,462"
627,LAPCARE h81 Motherboard,"₹3,299"
628,ASRock B560 Steel Legend Motherboard,"₹11,720"
629,MSI MEG Z590 GODLIKE Motherboard,"₹98,999"
630,ASUS ROG STRIX Z590-F Gaming Wi-Fi Motherboard,"₹29,999"
631,ASRock B550 PG Riptide Motherboard,"₹12,179"
632,ASRock Z690 Pro RS Motherboard,"₹17,999"
633,ASUS Prime Z690-A Motherboard,"₹29,950"
634,Raspberry Pi 4-Model B-8GB RAM Motherboard,"₹8,099"
635,MSI PRO H410M-B Motherboard,"₹6,999"
636,Raspberry Pi 3 Model B+ Kit with Adapter Case LAN-HDMI Cable HeatSink SD Card & RPi 3B Plus Motherboard,"₹5,499"
637,ZEBRONICS ZEB-61 MOTHERBOARD Motherboard,"₹2,225"
638,ASUS Prime Z690-P D4 Motherboard,"₹21,499"
639,ASUS ROG Strix Z490-F Gaming Motherboard,"₹25,719"
640,ASRock H610M-HDV/M.2 Motherboard,"₹7,019"
641,ASUS Prime B550M-K Motherboard,"₹10,384"
642,MSI A320M-A PRO AMD AM4 m-ATX DDR4 Motherboard,"₹5,999"
643,GIGABYTE B650M K Motherboard,"₹14,500"
644,GIGABYTE B550 GAMING X Motherboard,"₹12,205"
645,ZEBRONICS ZEB-H61M2 with PCIE M.2 / NVMe Slot (LGA 1155 Socket) Motherboard,"₹2,299"
646,ZEBRONICS ZEB-H310-NVMe Motherboard,"₹4,999"
647,ZEBRONICS Zeb H110-D4 LGA 1151 Socket Motherboard Motherboard,"₹4,337"
648,ZEB ZEBRONICS H61M2 Motherboard,"₹2,049"
649,EXPERTRONICS Consistent CMB G41-II DDR2 (3 Year Warranty) Motherboard,"₹2,038"
650,ASUS TUF-GAMING-B550M-E Motherboard,"₹13,181"
651,GEONIX Geonix_H61 Motherboard,"₹1,790"
652,ZEBRONICS Zeb H110-D4 Motherboard,"₹3,980"
653,ASUS TUF GAMING X670E PLUS Motherboard,"₹32,952"
654,GIGABYTE B450-Aorus Elite V2 Motherboard,"₹10,043"
655,"Enter E-G41D2 (4SATA, 775LGA, DDR2, 10/100LAN, Intel G41+ICH7 Chipset, 5.1Audio, PCIe) Motherboard","₹1,945"
656,Frontech G41/775 DDR2 Motherboard,"₹1,974"
657,Matrix MXH81 Motherboard,"₹2,591"
658,Ant Value H110MAD4 Motherboard,"₹4,256"
659,MSI PRO B660-A DDR4 Motherboard,"₹24,449"
660,"Enter i3,i5,i7 SUPPORT E-H61 MOTHERBOARD Motherboard","₹2,070"
661,GIGABYTE B450-S2H Motherboard,"₹6,749"
662,ASRock B560 Pro4 Motherboard,"₹9,299"
663,ZEBRONICS ZEB-H81M2 with PCIE M.2 / NVMe Slot (LGA 1150 Socket) Motherboard,"₹2,449"
664,ASRock X570 Phantom Gaming4 Motherboard,"₹14,269"
665,ZEBRONICS Zeb-H61 Motherboard,"₹1,971"
666,ASRock B550 Taichi Motherboard,"₹23,449"
667,ASUS TUF GAMING B660M-PLUS WIFI D4 Motherboard,"₹18,821"
668,ZEBRONICS ZEB-H81 Motherboard,"₹2,478"
669,ASUS Prime H510M-E Motherboard,"₹7,499"
670,ASRock B660 Pro RS Motherboard,"₹11,499"
671,GIGABYTE MBG-B760MAORUSPROAX Motherboard,"₹23,999"
672,MSI MPG X570 GAMING PLUS ATX AM4 Gaming Motherboard,"₹23,699"
673,ASUS ROG STRIX B550-F GAMING WIFI II Motherboard,"₹23,999"
674,ASUS TUF GAMING B660M-PLUS D4 Motherboard,"₹18,999"
675,ASRock Z690 Steel Legend WiFi 6E Motherboard,"₹25,499"
676,MSI MAG B560 TOMAHAWK WIFI Motherboard,"₹20,599"
677,"ZEBRONICS ZEB-H61 LGA 1155 Socket ,128GB SATA 2.5"" SSD Combo Set Motherboard Motherboard","₹3,790"
678,MSI Z590 UNIFY Motherboard,"₹28,844"
679,Cansistant CONSISTENT_H61 Motherboard,"₹1,950"
680,GIGABYTE B560M-H V2 Motherboard,"₹7,149"
681,MSI B560M PRO-E Motherboard,"₹8,499"
682,ASRock Z690 Steel Legend Motherboard,"₹22,499"
683,GIGABYTE B550-Gaming X V2 Motherboard,"₹12,249"
684,Matrix MXH61 Motherboard,"₹1,976"
685,ASUS PRIME X670-P CSM Motherboard,"₹28,149"
686,ASRock Z790 Steel legend WiFi Motherboard,"₹30,299"
687,ASRock Z790 PG- ITX/TB4 Motherboard,"₹38,999"
688,Dtech Gigabyte H81M-S Motherboard,"₹3,499"
689,ZEBRONICS H61+128 SATA GB SSD + 4GB starlite DDR3 RAM with CORE i3 3RD GEN CPU Combo set Motherboard,"₹5,790"
690,GIGABYTE Z790 UD AC Motherboard,"₹26,999"
691,ASRock B650E Steel Legend WiFi Motherboard,"₹27,399"
692,"Raspberry Pi 4 Model B 8GB RAM Kit with 32GB Noobs, LAN-mHDMI Cable, Power Supply, RPi 4B 8GB Motherboard","₹12,999"
693,GIGABYTE B550-DS3H-AC Motherboard,"₹11,000"
694,"Raspberry Pi 4 Model B 2GB RAM Kit with 32GB Noobs, LAN-mHDMI Cable, Power Supply, RPi 4B 2GB Motherboard","₹8,500"
695,MSI MPG B550 Gaming Plus Motherboard,"₹17,999"
696,ASUS TUF GAMING B650M-PLUS WIFI Motherboard,"₹23,161"
697,ASUS EX-B660M-V5 D4 Motherboard,"₹11,924"
698,Dtech H110M4-C2H Motherboard,"₹2,999"
699,MSI MEG Z490I UNIFY Mini-ATX LGA 1200 Gaming Motherboard,"₹19,667"
700,MSI MEG X570 UNIFY ATX AM4 Gaming Motherboard,"₹35,007"
701,ZEBRONICS H61M2+240GB WD SSD + 8GB starlite DDR3 RAM with CORE i5 3RD GEN CPU Combo set Motherboard,"₹7,200"
702,Ant Value H61MAD3 Motherboard,"₹5,499"
703,ASUS TUF GAMING B650M-PLUS Motherboard,"₹21,585"
704,GIGABYTE B550-Aorus Elite AX V2 Motherboard,"₹16,800"
705,ASUS Rog Strix Z690-A Gaming Wifi D4 Motherboard,"₹37,199"
706,MSI MAG B550 TOMAHAWK Motherboard,"₹18,000"
707,ASRock B650 PG Lightning Motherboard,"₹20,799"
708,ASRock B550 Pro4 Motherboard,"₹16,149"
709,ZEBRONICS ZEB-G41 - D2 Motherboard,"₹2,390"
710,ASRock Z690M-ITX/ax Motherboard,"₹21,499"
711,Frontech H61/1155 DDR3 Motherboard,"₹2,059"
712,ASRock Z590 OC Formula Motherboard,"₹55,809"
713,ZEBRONICS G41-D3-COMBO-KIT Motherboard,"₹3,475"
714,ASUS PROART B660-CREATOR D4 Motherboard,"₹25,609"
715,ASRock Z590 Phantom Gaming4/AC Motherboard,"₹15,569"
716,ASRock B650 Pro RS Motherboard,"₹21,949"
717,MSI Z590 PRO WIFI Motherboard,"₹21,699"
718,GEONIX GX-H81 D3 Motherboard,"₹2,690"
719,ZEBRONICS G41 Motherboard,"₹1,999"
720,MSI Z590 PRO WIFI Motherboard,"₹21,699"
721,ASRock B650 Pro RS Motherboard,"₹21,949"
722,ZEBRONICS ZEB H61 MBRD Motherboard,"₹2,199"
723,MSI MEG Z690 Ace E-ATX Motherboard,"₹74,078"
724,MSI PRO Z690-A WIFI Motherboard,"₹28,999"
725,ZEBRONICS G41 Motherboard,"₹1,999"
726,GEONIX GX-H81 D3 Motherboard,"₹2,690"
727,MSI Z490-A PRO ATX LGA 1200 Gaming Motherboard,"₹12,999"
728,ASRock Z690 Taichi Razer Edition Motherboard,"₹54,999"
729,GIGABYTE ?B760M DS3H AX Motherboard,"₹17,499"
730,ASUS Tuf Gaming Z690-Plus D4 Motherboard,"₹25,498"
731,ZEBRONICS H61+240GB CRUCIAL SSD + 4GB starlite DDR3 RAM with CORE i3 3RD GEN CPU Combo set Motherboard,"₹5,999"
732,ZEBRONICS H61 Supported Socket 1155 RAM DDR3 Motherboard,"₹2,225"
733,MSI MPG Z490 GAMING CARBON WIFI ATX LGA 1200 Gaming Motherboard,"₹27,879"
734,"Raspberry Pi 4 Model B 4GB RAM Kit with 32GB Noobs, LAN-mHDMI Cable, Power Supply, RPi 4B 4GB Motherboard","₹9,500"
735,GIGABYTE B550-DS3H-AC Motherboard,"₹11,000"
736,ASUS Prime Z690M-Plus Motherboard,"₹21,009"
737,ASRock Z790 Pro RS WiFi Motherboard,"₹28,849"
738,ASUS ?TUF GAMING Z790-PLUS WIFI Motherboard,"₹35,999"
739,MSI MPG Z490 GAMING EDGE WIFI ATX LGA 1200 Gaming Motherboard,"₹22,799"
740,ASRock Z790M PG Lightning/D4 Motherboard,"₹19,039"
741,ZEBRONICS H61 Mboard + i5 3470 Processor + 4GB DDR3 Ram + CPU Fan Motherboard,"₹4,761"
742,ASRock Z690M Phantom Gaming 4 Motherboard,"₹13,499"
743,AARVEX 61 Motherboard,"₹3,050"
744,ASUS PRIME B660-PLUS D4 Motherboard,"₹16,999"
745,ASUS PRIME X570- PRO/CSM Motherboard,"₹26,999"
746,ASUS Tuf Gaming Z690-Plus Wifi D4 Motherboard,"₹25,606"
747,ASUS TUF GAMING Z590-PLUS Motherboard,"₹19,799"
748,ASUS EX B460M-V5 Motherboard,"₹8,742"
749,ASUS PRIME X670 P WIFI CSM Motherboard,"₹30,002"
750,FOXI FOXIN H81 MOTHERBOARD Motherboard,"₹3,880"
751,"Raspberry Pi 3 Model B 1GB RAM, 1.2GHz CPU, WiFi/BLE, 40 GPIO Pins Single Board Computer Motherboard","₹4,649"
752,ZEBRONICS Zeb-H61M2 with M2 slot LGA 1155 Socket Motherboard,"₹2,449"
753,ASRock Z790M -ITX WiFi Motherboard,"₹26,139"
754,MSI MEG Z590I UNIFY Motherboard,"₹37,399"
755,ASUS PRIME B660M-A D4 Motherboard,"₹14,499"
756,MSI MPG Z690 CARBON EK X Motherboard,"₹40,513"
757,MSI MPG Z690 EDGE WIFI DDR4 Motherboard,"₹32,100"
758,ASUS TUF Gaming Z590-Plus Wi-Fi Motherboard,"₹22,532"
759,ZEBRONICS ZEB-G41 D3 Motherboard,"₹2,450"
760,ZEBRONICS G41 Supported Socket 775 RAM DDR3 Motherboard,"₹2,019"
761,MSI MPG Z590 GAMING EDGE WIFI Motherboard,"₹29,518"
762,ZEBRONICS ZEB-G41-D2S Motherboard,"₹2,310"
763,GIGABYTE ?B760M DS3H AX DDR4 Motherboard,"₹16,999"
764,ZEBRONICS ZEB -H61 Motherboard,"₹2,190"
765,ZEBRONICS ZEB-H81M2 with NVMe Slot + Scuda 256GB NVMe SSD Combo Set (LGA 1150) Motherboard,"₹4,749"
766,Frontech H110/1151 DDR4 Motherboard,"₹3,819"
767,zebion H-61 Motherboard Motherboard,"₹2,800"
768,Frontech H55/1156 Motherboard,"₹2,129"
769,ZEBRONICS G41-D3-COMBO-KIT Motherboard,"₹3,475"
770,Dtech Lapcare H61 LA Motherboard,"₹2,399"
771,PAC 4-Digit PC Motherboard Diagnostic Card with User Manual Motherboard Motherboard,₹345
772,IKIS New PCI 4-Digit PC Motherboard Diagnostic Card with User Manual Motherboard,₹449
773,Dtech Gigabyte B75MS Motherboard with 3rd gen Core i3 Processor and 4Gb Ram Motherboard,"₹5,499"
774,aht M3A785GM-LE Motherboard,"₹1,615"
775,ZEBRONICS H81+128GB SATA SSD+4GB starlite DDR3 RAM with Pentium Dualcore G3250 CPU Combo Motherboard,"₹5,999"
776,Dtech Gigabyte GA-H61M-S Motherboard,"₹2,499"
777,Raspberry Pi 3 Model B Kit with Adapter Case LAN-HDMI Cable HeatSink SD Card & RPi 3B 1GB Motherboard,"₹5,499"
778,"ZEBRONICS ZEBH61 CORE I5 2400 8 GB RAM, FAN Motherboard","₹4,150"
779,Dtech Asus M4N68T-M LE V2 Motherboard,"₹2,399"
780,LAPCARE H110 Motherboard,"₹4,289"
781,ZEBRONICS Z31/G31 Combo kit Motherboard,"₹3,750"
782,GIGABYTE B560M-DS2H-AC Motherboard,"₹12,400"
783,ZEBRONICS H61+128 SATA GB SSD + 4GB starlite DDR3 RAM Combo set Motherboard,"₹5,062"
784,ASUS ROG STRIX B660A-GAMING-WiFi D4 Motherboard,"₹23,499"
785,ZEBRONICS ZEB-H61M2 with NVMe Slot + Scuda 256GB NVMe SSD Combo Set Motherboard,"₹4,549"
786,Raspberry Pi 4 Model B 2GB RAM Motherboard,"₹5,999"
787,ZEBRONICS H61M2+240GB WD SSD + 4GB starlite DDR3 RAM with CORE i3 3RD GEN CPU Combo set Motherboard,"₹6,500"
788,ZEBRONICS G41+128 GB SATA SSD + 4GB starlite DDR3 RAM with Core 2 Duo CPU Combo set Motherboard,"₹5,211"
789,Cmos Micro Lithium Cell CR2032 Motherboard,₹202
790,RashMove FMB-G41(DDR3) Motherboard,"₹4,500"
791,ZEB ZEBRONICS_H61M2 Motherboard,"₹3,249"
792,GIGABYTE 110MH Motherboard,"₹7,499"
793,MSI Z590 PLUS Motherboard,"₹17,649"
794,TECHON New PCI 4-digit PC Diagnostic Card With User Manual (red) Motherboard,₹331
795,ZEBRONICS H81M2+ Starlite 256GB NVME SSD & 8GB RAM with Intel Core i3 Processor combo set Motherboard,"₹8,948"
796,ZEBRONICS H81+240GB CRUCIAL SSD + 4GB starlite DDR3 RAM with CORE i3 4Th GEN CPU Combo set Motherboard,"₹7,749"
797,ZEBRONICS ZEB-H61 Motherboard,"₹2,449"
798,Dtech ECS H61H2 Motherboard Intel G2020 Processor 2Gb Adata Ram DDR3 Motherboard,"₹2,799"
799,ZEBRONICS H55-COMBO-KIT-4GB Motherboard,"₹4,850"
800,sillora X99 + E2 2620 V3 Motherboard,"₹9,999"
801,ZEBRONICS H61-i5-4GB-FAN Motherboard,"₹4,699"
802,ZEBRONICS ZEB-H61M2 with NVMe Slot + Starlite 4GB RAM + Scuda 256GB NVMe SSD Combo Set Motherboard,"₹6,349"
803,Dtech Asus P5KPL AMPS Motherboard with dual core processor and 2Gb RAM Motherboard,"₹2,500"
804,mytechvision X99 Motherboard,"₹12,999"
805,Matrix MXG41 Motherboard,"₹1,934"
806,FOXI FOXIN H61 MB 2 YEAR ARANTY Motherboard,"₹2,252"
807,ZEBRONICS ZEB-H55 Motherboard,"₹2,790"
808,ZEBRONICS ZEB-H61 Motherboard,"₹2,449"
809,ZEBRONICS H61+128GB SATA SSD+4GB starlite DDR3 RAM with PENTIUM DUALCORE CPU Combo Motherboard,"₹5,499"
810,ZEBRONICS H61 + i5 3570 Processor + 4Gb Ram + CPU Fan Motherboard,"₹6,019"
811,ZEBRONICS ZEB-H61M2 built in NVMe Slot + Scuda 128GB NVMe SSD+4GB DDR3 RAM Combo Set Motherboard,"₹5,822"
812,gebronic ZEBRONIC_H61M2 Motherboard,"₹2,099"
813,mytechvision X99 LGA 2011 Motherboard,"₹9,984"
814,ASRock Z690 PG Riptide Motherboard,"₹20,299"
815,Dtech Gigabyte GA-N3050M-D3P Motherboard,"₹2,499"
816,mytechvision X99 Motherboard,"₹12,999"
817,mytechvision X79 motherboard with E5 2650 processor Motherboard,"₹8,999"
818,"SmartCam NanoPi M1 Plus Allwinner H3,Quad-Core A7@1.2GHz Compatible Raspberry Pi Motherboard","₹8,999"
819,ZEBRONICS G41-D2SP COMBO WITH C2D PROCESSOR Motherboard,"₹3,990"
820,Dtech Intel D245KT Motherboard,"₹1,799"
821,ZEBRONICS ZEB H55 (HDMI - MSATA) Motherboard,"₹2,465"
822,Dtech Acer H81-M1 Motherboard,"₹2,499"
823,Dtech Asus P5GAsus P5G41T-MLX Motherboard,"₹2,299"
824,Dtech Intel D945GCPE Motherboard,"₹1,699"
825,ZEBRONICS ZEB-G31-D2-COMBO KIT Motherboard,"₹3,799"
826,ZEBRONICS Zeb-H61 Motherboard LGA1155 Socket Micro ATX DDR3 Motherboard,"₹2,449"
827,Dtech Acer H57-AD With i3 Processor 2Gb Ram Motherboard,"₹2,899"
828,aht Board_001 Motherboard,"₹1,650"
829,Dtech Asus M2N68 AM PLUS Motherboard,"₹1,999"
830,Dtech Foxin G31 Motherboard with Dual Core Processor and 2Gb DDR2 RAM Motherboard,"₹2,449"
831,ZEBRONICS ZEB-G41-D3-4GB-COMBO Motherboard,"₹3,347"
832,Dtech Acer H310CH5-M23HV Motherboard,"₹3,399"
833,techut PCI 4-Digit PC Motherboard Diagnostic Card with User Manual Motherboard,₹349
834,Dtech Intel H61 Motherboard with Core i3 Processor and 4Gb Ram Motherboard,"₹4,199"
835,TECHON New PCI 4-digit PC Diagnostic Card With User Manual (red) Motherboard,₹331
836,Dtech ECS G41 Motherboard Pentium E5200 2.5Ghz 2Gb DDR3 RAM Motherboard,"₹2,700"
837,MSI Z690-A DDR4 Motherboard,"₹19,667"
838,Zingsha X99 Dual CPU Motherboard with Intel Xeon 2699 v3 CPU and 64 GB RAM Motherboard,"₹58,559"
839,GIGABYTE B550M DS3H Motherboard,"₹9,649"
840,ASRock B450M-HDV Motherboard,"₹5,678"
841,ZEBRONICS ZEB-H81M2 with PCIE M.2 / NVMe Slot Motherboard,"₹2,449"
842,ZEBRONICS H61-i5-4GB-PFAN-COMBO Motherboard,"₹3,799"
843,ZEBRONICS Zeb H61M2 Motherboard with M2 slot LGA 1155 Socket Motherboard,"₹2,299"
844,ASUS PRIME H610M-E D4 Motherboard,"₹8,950"
845,MSI B550M PRO-VDH WIFI Motherboard,"₹12,999"
846,ZEBRONICS Zeb-H61M2 Motherboard,"₹2,299"
847,Ant Value G41MAD3 Motherboard,"₹2,161"
848,ASUS PRIME B550M-A WIFI II Motherboard,"₹13,999"
849,ASUS PRIME A320M-K Motherboard,"₹5,999"
850,ZEBRONICS ZEB-H61 Motherboard,"₹2,299"
851,ASUS Prime-B450M-A-II Motherboard,"₹8,999"
852,ZEBRONICS H61 Motherboard,"₹2,104"
853,ASRock B550M Pro4 Motherboard,"₹9,389"
854,GIGABYTE A520M K Motherboard,"₹5,899"
855,ASUS ROG STRIX Z590-E Gaming Wi-Fi Motherboard,"₹33,517"
856,ASUS ?PRIME H410M-E Motherboard,"₹6,999"
857,"MSI PRO H510M-B Motherboard, Micro-ATX Motherboard","₹5,999"
858,ASUS ?ROG STRIX Z790-H GAMING WIFI Motherboard,"₹35,519"
859,GIGABYTE B550M-DS3H Motherboard,"₹9,800"
860,Frontech FT- H61 with Nvme slot LGA 1155 Socket Motherboard,"₹2,199"
861,ASUS TUF Gaming B550-PLUS Motherboard,"₹15,926"
862,GEONIX GX-H61 DDR3 Motherboard|2.0 USB| LGA 1155 Support Intel 2nd and 3rd Gen CPU DDR3 Motherboard,"₹1,999"
863,ASUS ROG STRIX X670E A GAMING WIFI Motherboard,"₹41,739"
864,MSI B450M PRO-VDH MAX Mini-ATX AM4 Gaming Motherboard,"₹8,899"
865,GIGABYTE B450M DS3H (AMD Ryzen AM4/M.2/HMDI/DVI/USB 3.1/DDR4/Micro ATX) Motherboard,"₹8,190"
866,ASUS TUF Gaming B560M-Plus Motherboard,"₹14,462"
867,LAPCARE h81 Motherboard,"₹3,299"
868,ASRock B560 Steel Legend Motherboard,"₹11,720"
869,MSI MEG Z590 GODLIKE Motherboard,"₹98,999"
870,ASUS ROG STRIX Z590-F Gaming Wi-Fi Motherboard,"₹29,999"
871,ASRock B550 PG Riptide Motherboard,"₹12,179"
872,ASRock Z690 Pro RS Motherboard,"₹17,999"
873,ASUS Prime Z690-A Motherboard,"₹29,950"
874,Raspberry Pi 4-Model B-8GB RAM Motherboard,"₹8,099"
875,MSI PRO H410M-B Motherboard,"₹6,999"
876,Raspberry Pi 3 Model B+ Kit with Adapter Case LAN-HDMI Cable HeatSink SD Card & RPi 3B Plus Motherboard,"₹5,499"
877,ZEBRONICS ZEB-61 MOTHERBOARD Motherboard,"₹2,225"
878,ASUS Prime Z690-P D4 Motherboard,"₹21,499"
879,ASUS ROG Strix Z490-F Gaming Motherboard,"₹25,719"
880,ASRock H610M-HDV/M.2 Motherboard,"₹7,019"
881,ASUS Prime B550M-K Motherboard,"₹10,384"
882,MSI A320M-A PRO AMD AM4 m-ATX DDR4 Motherboard,"₹5,999"
883,GIGABYTE B650M K Motherboard,"₹14,500"
884,GIGABYTE B550 GAMING X Motherboard,"₹12,205"
885,ZEBRONICS ZEB-H61M2 with PCIE M.2 / NVMe Slot (LGA 1155 Socket) Motherboard,"₹2,299"
886,ZEBRONICS ZEB-H310-NVMe Motherboard,"₹4,999"
887,ZEBRONICS Zeb H110-D4 LGA 1151 Socket Motherboard Motherboard,"₹4,337"
888,ZEB ZEBRONICS H61M2 Motherboard,"₹2,049"
889,EXPERTRONICS Consistent CMB G41-II DDR2 (3 Year Warranty) Motherboard,"₹2,038"
890,ASUS TUF-GAMING-B550M-E Motherboard,"₹13,181"
891,GEONIX Geonix_H61 Motherboard,"₹1,790"
892,ZEBRONICS Zeb H110-D4 Motherboard,"₹3,980"
893,ASUS TUF GAMING X670E PLUS Motherboard,"₹32,952"
894,GIGABYTE B450-Aorus Elite V2 Motherboard,"₹10,043"
895,"Enter E-G41D2 (4SATA, 775LGA, DDR2, 10/100LAN, Intel G41+ICH7 Chipset, 5.1Audio, PCIe) Motherboard","₹1,945"
896,Frontech G41/775 DDR2 Motherboard,"₹1,974"
897,Matrix MXH81 Motherboard,"₹2,591"
898,Ant Value H110MAD4 Motherboard,"₹4,256"
899,MSI PRO B660-A DDR4 Motherboard,"₹24,449"
900,"Enter i3,i5,i7 SUPPORT E-H61 MOTHERBOARD Motherboard","₹2,070"
901,GIGABYTE B450-S2H Motherboard,"₹6,749"
902,ASRock B560 Pro4 Motherboard,"₹9,299"
903,ZEBRONICS ZEB-H81M2 with PCIE M.2 / NVMe Slot (LGA 1150 Socket) Motherboard,"₹2,449"
904,ASRock X570 Phantom Gaming4 Motherboard,"₹14,269"
905,ZEBRONICS Zeb-H61 Motherboard,"₹1,971"
906,ASRock B550 Taichi Motherboard,"₹23,449"
907,ASUS TUF GAMING B660M-PLUS WIFI D4 Motherboard,"₹18,821"
908,ZEBRONICS ZEB-H81 Motherboard,"₹2,478"
909,ASUS Prime H510M-E Motherboard,"₹7,499"
910,ASRock B660 Pro RS Motherboard,"₹11,499"
911,GIGABYTE MBG-B760MAORUSPROAX Motherboard,"₹23,999"
912,MSI MPG X570 GAMING PLUS ATX AM4 Gaming Motherboard,"₹23,699"
913,ASUS ROG STRIX B550-F GAMING WIFI II Motherboard,"₹23,999"
914,ASUS TUF GAMING B660M-PLUS D4 Motherboard,"₹18,999"
915,ASRock Z690 Steel Legend WiFi 6E Motherboard,"₹25,499"
916,MSI MAG B560 TOMAHAWK WIFI Motherboard,"₹20,599"
917,"ZEBRONICS ZEB-H61 LGA 1155 Socket ,128GB SATA 2.5"" SSD Combo Set Motherboard Motherboard","₹3,790"
918,MSI Z590 UNIFY Motherboard,"₹28,844"
919,Cansistant CONSISTENT_H61 Motherboard,"₹1,950"
920,GIGABYTE B560M-H V2 Motherboard,"₹7,149"
921,MSI B560M PRO-E Motherboard,"₹8,499"
922,ASRock Z690 Steel Legend Motherboard,"₹22,499"
923,GIGABYTE B550-Gaming X V2 Motherboard,"₹12,249"
924,Matrix MXH61 Motherboard,"₹1,976"
925,ASUS PRIME X670-P CSM Motherboard,"₹28,149"
926,ASRock Z790 Steel legend WiFi Motherboard,"₹30,299"
927,ASRock Z790 PG- ITX/TB4 Motherboard,"₹38,999"
928,Dtech Gigabyte H81M-S Motherboard,"₹3,499"
929,ZEBRONICS H61+128 SATA GB SSD + 4GB starlite DDR3 RAM with CORE i3 3RD GEN CPU Combo set Motherboard,"₹5,790"
930,GIGABYTE Z790 UD AC Motherboard,"₹26,999"
931,ASRock B650E Steel Legend WiFi Motherboard,"₹27,399"
932,"Raspberry Pi 4 Model B 8GB RAM Kit with 32GB Noobs, LAN-mHDMI Cable, Power Supply, RPi 4B 8GB Motherboard","₹12,999"
933,GIGABYTE B550-DS3H-AC Motherboard,"₹11,000"
934,"Raspberry Pi 4 Model B 2GB RAM Kit with 32GB Noobs, LAN-mHDMI Cable, Power Supply, RPi 4B 2GB Motherboard","₹8,500"
935,MSI MPG B550 Gaming Plus Motherboard,"₹17,999"
936,ASUS TUF GAMING B650M-PLUS WIFI Motherboard,"₹23,161"
937,ASUS EX-B660M-V5 D4 Motherboard,"₹11,924"
938,Dtech H110M4-C2H Motherboard,"₹2,999"
939,MSI MEG Z490I UNIFY Mini-ATX LGA 1200 Gaming Motherboard,"₹19,667"
940,MSI MEG X570 UNIFY ATX AM4 Gaming Motherboard,"₹35,007"
941,ZEBRONICS H61M2+240GB WD SSD + 8GB starlite DDR3 RAM with CORE i5 3RD GEN CPU Combo set Motherboard,"₹7,200"
942,Ant Value H61MAD3 Motherboard,"₹5,499"
943,ASUS TUF GAMING B650M-PLUS Motherboard,"₹21,585"
944,GIGABYTE B550-Aorus Elite AX V2 Motherboard,"₹16,800"
945,ASUS Rog Strix Z690-A Gaming Wifi D4 Motherboard,"₹37,199"
946,MSI MAG B550 TOMAHAWK Motherboard,"₹18,000"
947,ASRock B650 PG Lightning Motherboard,"₹20,799"
948,ASRock B550 Pro4 Motherboard,"₹16,149"
949,ZEBRONICS ZEB-G41 - D2 Motherboard,"₹2,390"
950,ASRock Z690M-ITX/ax Motherboard,"₹21,499"
951,Frontech H61/1155 DDR3 Motherboard,"₹2,059"
952,ASRock Z590 OC Formula Motherboard,"₹55,809"
953,ZEBRONICS G41-D3-COMBO-KIT Motherboard,"₹3,475"
954,ASUS PROART B660-CREATOR D4 Motherboard,"₹25,609"
955,ASRock Z590 Phantom Gaming4/AC Motherboard,"₹15,569"
956,ASRock B650 Pro RS Motherboard,"₹21,949"
957,MSI Z590 PRO WIFI Motherboard,"₹21,699"
958,GEONIX GX-H81 D3 Motherboard,"₹2,690"
959,ZEBRONICS G41 Motherboard,"₹1,999"
960,MSI Z590 PRO WIFI Motherboard,"₹21,699"
961,ASRock B650 Pro RS Motherboard,"₹21,949"
962,ZEBRONICS ZEB H61 MBRD Motherboard,"₹2,199"
963,MSI MEG Z690 Ace E-ATX Motherboard,"₹74,078"
964,MSI PRO Z690-A WIFI Motherboard,"₹28,999"
965,ZEBRONICS G41 Motherboard,"₹1,999"
966,GEONIX GX-H81 D3 Motherboard,"₹2,690"
967,MSI Z490-A PRO ATX LGA 1200 Gaming Motherboard,"₹12,999"
968,ASRock Z690 Taichi Razer Edition Motherboard,"₹54,999"
969,GIGABYTE ?B760M DS3H AX Motherboard,"₹17,499"
970,ASUS Tuf Gaming Z690-Plus D4 Motherboard,"₹25,498"
971,ZEBRONICS H61+240GB CRUCIAL SSD + 4GB starlite DDR3 RAM with CORE i3 3RD GEN CPU Combo set Motherboard,"₹5,999"
972,ZEBRONICS H61 Supported Socket 1155 RAM DDR3 Motherboard,"₹2,225"
973,MSI MPG Z490 GAMING CARBON WIFI ATX LGA 1200 Gaming Motherboard,"₹27,879"
974,"Raspberry Pi 4 Model B 4GB RAM Kit with 32GB Noobs, LAN-mHDMI Cable, Power Supply, RPi 4B 4GB Motherboard","₹9,500"
975,GIGABYTE B550-DS3H-AC Motherboard,"₹11,000"
976,ASUS Prime Z690M-Plus Motherboard,"₹21,009"
977,ASRock Z790 Pro RS WiFi Motherboard,"₹28,849"
978,ASUS ?TUF GAMING Z790-PLUS WIFI Motherboard,"₹35,999"
979,MSI MPG Z490 GAMING EDGE WIFI ATX LGA 1200 Gaming Motherboard,"₹22,799"
980,ASRock Z790M PG Lightning/D4 Motherboard,"₹19,039"
981,ZEBRONICS H61 Mboard + i5 3470 Processor + 4GB DDR3 Ram + CPU Fan Motherboard,"₹4,761"
982,ASRock Z690M Phantom Gaming 4 Motherboard,"₹13,499"
983,AARVEX 61 Motherboard,"₹3,050"
984,ASUS PRIME B660-PLUS D4 Motherboard,"₹16,999"
985,ASUS PRIME X570- PRO/CSM Motherboard,"₹26,999"
986,ASUS Tuf Gaming Z690-Plus Wifi D4 Motherboard,"₹25,606"
987,ASUS TUF GAMING Z590-PLUS Motherboard,"₹19,799"
988,ASUS EX B460M-V5 Motherboard,"₹8,742"
989,ASUS PRIME X670 P WIFI CSM Motherboard,"₹30,002"
990,FOXI FOXIN H81 MOTHERBOARD Motherboard,"₹3,880"
991,"Raspberry Pi 3 Model B 1GB RAM, 1.2GHz CPU, WiFi/BLE, 40 GPIO Pins Single Board Computer Motherboard","₹4,649"
992,ZEBRONICS Zeb-H61M2 with M2 slot LGA 1155 Socket Motherboard,"₹2,449"
993,ASRock Z790M -ITX WiFi Motherboard,"₹26,139"
994,MSI MEG Z590I UNIFY Motherboard,"₹37,399"
995,ASUS PRIME B660M-A D4 Motherboard,"₹14,499"
996,MSI MPG Z690 CARBON EK X Motherboard,"₹40,513"
997,MSI MPG Z690 EDGE WIFI DDR4 Motherboard,"₹32,100"
998,ASUS TUF Gaming Z590-Plus Wi-Fi Motherboard,"₹22,532"
999,ZEBRONICS ZEB-G41 D3 Motherboard,"₹2,450"
1000,ZEBRONICS G41 Supported Socket 775 RAM DDR3 Motherboard,"₹2,019"
1001,MSI MPG Z590 GAMING EDGE WIFI Motherboard,"₹29,518"
1002,ZEBRONICS ZEB-G41-D2S Motherboard,"₹2,310"
1003,GIGABYTE ?B760M DS3H AX DDR4 Motherboard,"₹16,999"
1004,ZEBRONICS ZEB -H61 Motherboard,"₹2,190"
1005,ZEBRONICS ZEB-H81M2 with NVMe Slot + Scuda 256GB NVMe SSD Combo Set (LGA 1150) Motherboard,"₹4,749"
1006,Frontech H110/1151 DDR4 Motherboard,"₹3,819"
1007,zebion H-61 Motherboard Motherboard,"₹2,800"
1008,Frontech H55/1156 Motherboard,"₹2,129"
1009,ZEBRONICS G41-D3-COMBO-KIT Motherboard,"₹3,475"
1010,Dtech Lapcare H61 LA Motherboard,"₹2,399"
1011,PAC 4-Digit PC Motherboard Diagnostic Card with User Manual Motherboard Motherboard,₹345
1012,IKIS New PCI 4-Digit PC Motherboard Diagnostic Card with User Manual Motherboard,₹449
1013,Dtech Gigabyte B75MS Motherboard with 3rd gen Core i3 Processor and 4Gb Ram Motherboard,"₹5,499"
1014,aht M3A785GM-LE Motherboard,"₹1,615"
1015,ZEBRONICS H81+128GB SATA SSD+4GB starlite DDR3 RAM with Pentium Dualcore G3250 CPU Combo Motherboard,"₹5,999"
1016,Dtech Gigabyte GA-H61M-S Motherboard,"₹2,499"
1017,Raspberry Pi 3 Model B Kit with Adapter Case LAN-HDMI Cable HeatSink SD Card & RPi 3B 1GB Motherboard,"₹5,499"
1018,"ZEBRONICS ZEBH61 CORE I5 2400 8 GB RAM, FAN Motherboard","₹4,150"
1019,Dtech Asus M4N68T-M LE V2 Motherboard,"₹2,399"
1020,LAPCARE H110 Motherboard,"₹4,289"
1021,ZEBRONICS Z31/G31 Combo kit Motherboard,"₹3,750"
1022,GIGABYTE B560M-DS2H-AC Motherboard,"₹12,400"
1023,ZEBRONICS H61+128 SATA GB SSD + 4GB starlite DDR3 RAM Combo set Motherboard,"₹5,062"
1024,ASUS ROG STRIX B660A-GAMING-WiFi D4 Motherboard,"₹23,499"
1025,ZEBRONICS ZEB-H61M2 with NVMe Slot + Scuda 256GB NVMe SSD Combo Set Motherboard,"₹4,549"
1026,Raspberry Pi 4 Model B 2GB RAM Motherboard,"₹5,999"
1027,ZEBRONICS H61M2+240GB WD SSD + 4GB starlite DDR3 RAM with CORE i3 3RD GEN CPU Combo set Motherboard,"₹6,500"
1028,ZEBRONICS G41+128 GB SATA SSD + 4GB starlite DDR3 RAM with Core 2 Duo CPU Combo set Motherboard,"₹5,211"
1029,Cmos Micro Lithium Cell CR2032 Motherboard,₹202
1030,RashMove FMB-G41(DDR3) Motherboard,"₹4,500"
1031,ZEB ZEBRONICS_H61M2 Motherboard,"₹3,249"
1032,GIGABYTE 110MH Motherboard,"₹7,499"
1033,MSI Z590 PLUS Motherboard,"₹17,649"
1034,TECHON New PCI 4-digit PC Diagnostic Card With User Manual (red) Motherboard,₹331
1035,ZEBRONICS H81M2+ Starlite 256GB NVME SSD & 8GB RAM with Intel Core i3 Processor combo set Motherboard,"₹8,948"
1036,ZEBRONICS H81+240GB CRUCIAL SSD + 4GB starlite DDR3 RAM with CORE i3 4Th GEN CPU Combo set Motherboard,"₹7,749"
1037,ZEBRONICS ZEB-H61 Motherboard,"₹2,449"
1038,Dtech ECS H61H2 Motherboard Intel G2020 Processor 2Gb Adata Ram DDR3 Motherboard,"₹2,799"
1039,ZEBRONICS H55-COMBO-KIT-4GB Motherboard,"₹4,850"
1040,sillora X99 + E2 2620 V3 Motherboard,"₹9,999"
1041,ZEBRONICS H61-i5-4GB-FAN Motherboard,"₹4,699"
1042,ZEBRONICS ZEB-H61M2 with NVMe Slot + Starlite 4GB RAM + Scuda 256GB NVMe SSD Combo Set Motherboard,"₹6,349"
1043,Dtech Asus P5KPL AMPS Motherboard with dual core processor and 2Gb RAM Motherboard,"₹2,500"
1044,mytechvision X99 Motherboard,"₹12,999"
1045,Matrix MXG41 Motherboard,"₹1,934"
1046,FOXI FOXIN H61 MB 2 YEAR ARANTY Motherboard,"₹2,252"
1047,ZEBRONICS ZEB-H55 Motherboard,"₹2,790"
1048,ZEBRONICS ZEB-H61 Motherboard,"₹2,449"
1049,ZEBRONICS H61+128GB SATA SSD+4GB starlite DDR3 RAM with PENTIUM DUALCORE CPU Combo Motherboard,"₹5,499"
1050,ZEBRONICS H61 + i5 3570 Processor + 4Gb Ram + CPU Fan Motherboard,"₹6,019"
1051,ZEBRONICS ZEB-H61M2 built in NVMe Slot + Scuda 128GB NVMe SSD+4GB DDR3 RAM Combo Set Motherboard,"₹5,822"
1052,gebronic ZEBRONIC_H61M2 Motherboard,"₹2,099"
1053,mytechvision X99 LGA 2011 Motherboard,"₹9,984"
1054,ASRock Z690 PG Riptide Motherboard,"₹20,299"
1055,Dtech Gigabyte GA-N3050M-D3P Motherboard,"₹2,499"
1056,mytechvision X99 Motherboard,"₹12,999"
1057,mytechvision X79 motherboard with E5 2650 processor Motherboard,"₹8,999"
1058,"SmartCam NanoPi M1 Plus Allwinner H3,Quad-Core A7@1.2GHz Compatible Raspberry Pi Motherboard","₹8,999"
1059,ZEBRONICS G41-D2SP COMBO WITH C2D PROCESSOR Motherboard,"₹3,990"
1060,Dtech Intel D245KT Motherboard,"₹1,799"
1061,ZEBRONICS ZEB H55 (HDMI - MSATA) Motherboard,"₹2,465"
1062,Dtech Acer H81-M1 Motherboard,"₹2,499"
1063,Dtech Asus P5GAsus P5G41T-MLX Motherboard,"₹2,299"
1064,Dtech Intel D945GCPE Motherboard,"₹1,699"
1065,ZEBRONICS ZEB-G31-D2-COMBO KIT Motherboard,"₹3,799"
1066,ZEBRONICS Zeb-H61 Motherboard LGA1155 Socket Micro ATX DDR3 Motherboard,"₹2,449"
1067,Dtech Acer H57-AD With i3 Processor 2Gb Ram Motherboard,"₹2,899"
1068,aht Board_001 Motherboard,"₹1,650"
1069,Dtech Asus M2N68 AM PLUS Motherboard,"₹1,999"
1070,Dtech Foxin G31 Motherboard with Dual Core Processor and 2Gb DDR2 RAM Motherboard,"₹2,449"
1071,ZEBRONICS ZEB-G41-D3-4GB-COMBO Motherboard,"₹3,347"
1072,Dtech Acer H310CH5-M23HV Motherboard,"₹3,399"
1073,techut PCI 4-Digit PC Motherboard Diagnostic Card with User Manual Motherboard,₹349
1074,Dtech Intel H61 Motherboard with Core i3 Processor and 4Gb Ram Motherboard,"₹4,199"
1075,TECHON New PCI 4-digit PC Diagnostic Card With User Manual (red) Motherboard,₹331
1076,Dtech ECS G41 Motherboard Pentium E5200 2.5Ghz 2Gb DDR3 RAM Motherboard,"₹2,700"
1077,MSI Z690-A DDR4 Motherboard,"₹19,667"
1078,Zingsha X99 Dual CPU Motherboard with Intel Xeon 2699 v3 CPU and 64 GB RAM Motherboard,"₹58,559"
1079,GIGABYTE B550M DS3H Motherboard,"₹9,649"
1080,Maxwell Arduino UNO R3 Board ATmega328P with FREE USB Cable Motherboard,₹899
1081,Dtech Zebronics G31 Series Motherboard Motherboard,"₹1,899"
1082,Dtech Asus P8H61M LX3 Motherboard,"₹4,499"
1083,Dtech Lapcare G31 Motherboard Motherboard,"₹1,899"
1084,ZEBRONICS Zeb H-61M2 Motherboard LGA 1155 Socket with M2 slot Motherboard,"₹2,449"
1085,Mak World 4 Digi PC Motherboard Diagnostic Card Motherboard,₹331
1086,ASHK AS-HK110M-H-R1 Motherboard,"₹9,700"
1087,Dtech M5A78L-MLX AM3+ Motherboard,"₹2,499"
1088,DHRUV-PRO 3In1 Mini PCI- PCI-E LPC Laptop Analyzer Tester Diagnostic Card Post Test Motherboard,₹899
1089,GIGABYTE H81M-H Motherboard,"₹6,299"
1090,ASRock Z590 Phantom Gaming4 Motherboard,"₹14,729"
1091,ASRock Z590 Taichi Motherboard,"₹44,129"
1092,MSI X299 PRO Motherboard,"₹31,999"
1093,MSI MAG Z590 TORPEDO Motherboard,"₹24,599"
1094,MSI MPG Z590 GAMING PLUS Motherboard,"₹25,699"
1095,ZEBRONICS ZEB-H61M2-4GB-i5-FAN-P Motherboard,"₹4,199"
1096,MSI MPG Z690 FORCE WIFI ATX Motherboard,"₹43,201"
1097,ZEBRONICS H110 Motherboard with M.2 Nvme Slot Motherboard,"₹5,369"
1098,Frontech 0471 Motherboard,"₹2,705"
1099,ZEBRONICS ZEB-H55-D3 Motherboard,"₹2,375"
1100,GIGABYTE Z690 UD AX Motherboard,"₹31,999"
1101,MSI MEG B550 UNIFY-X Motherboard,"₹30,499"
1102,ZEBRONICS H61-i3-4gb Pfan Motherboard,"₹3,399"
1103,Shining sun Vision Pi Zero 2 W A-Tiny Computer Motherboard,"₹2,499"
1104,LAPCARE LKMBMB8006 Motherboard,"₹6,499"
1105,ASUS PRIME H670-PLUS D4 Motherboard,"₹17,999"
1106,MSI MAG Z690 TOMAHAWK WIFI Motherboard,"₹32,999"
1107,MSI Z590 A PRO Motherboard,"₹16,586"
1108,LAPCARE h81 1150 Motherboard,"₹3,199"
1109,GEONIX H61 Motherboard,"₹1,748"
1110,ZEBRONICS ZEB-H81M2 Motherboard,"₹2,799"
1111,ZEBRONICS ZEB-H81 Motherboard,"₹2,849"
1112,ASUS TUF GAMING X670E PLUS WIFI Motherboard,"₹39,750"
1113,powerx PMB-H61 Motherboard,"₹3,800"
1114,ASUS TUF GAMING B650-PLUS Motherboard,"₹24,990"
1115,GIGABYTE ?Z690 AORUS ULTRA Motherboard,"₹41,599"
1116,GIGABYTE B760M DS3H DDR4 Motherboard,"₹14,999"
1117,GIGABYTE ?Z690 Motherboard,"₹39,999"
1118,Thunderz 1155 Motherboard,"₹3,499"
1119,GIGABYTE Z690UD Motherboard,"₹24,999"
1120,ASRock B450M-HDV Motherboard,"₹5,678"
1121,ZEBRONICS ZEB-H81M2 with PCIE M.2 / NVMe Slot Motherboard,"₹2,449"
1122,ZEBRONICS H61-i5-4GB-PFAN-COMBO Motherboard,"₹3,799"
1123,ZEBRONICS Zeb H61M2 Motherboard with M2 slot LGA 1155 Socket Motherboard,"₹2,299"
1124,ASUS PRIME H610M-E D4 Motherboard,"₹8,950"
1125,MSI B550M PRO-VDH WIFI Motherboard,"₹12,999"
1126,ZEBRONICS Zeb-H61M2 Motherboard,"₹2,299"
1127,Ant Value G41MAD3 Motherboard,"₹2,161"
1128,ASUS PRIME B550M-A WIFI II Motherboard,"₹13,999"
1129,ASUS PRIME A320M-K Motherboard,"₹5,999"
1130,ZEBRONICS ZEB-H61 Motherboard,"₹2,299"
1131,ASUS Prime-B450M-A-II Motherboard,"₹8,999"
1132,ZEBRONICS H61 Motherboard,"₹2,104"
1133,ASRock B550M Pro4 Motherboard,"₹9,389"
1134,GIGABYTE A520M K Motherboard,"₹5,899"
1135,ASUS ROG STRIX Z590-E Gaming Wi-Fi Motherboard,"₹33,517"
1136,ASUS ?PRIME H410M-E Motherboard,"₹6,999"
1137,"MSI PRO H510M-B Motherboard, Micro-ATX Motherboard","₹5,999"
1138,ASUS ?ROG STRIX Z790-H GAMING WIFI Motherboard,"₹35,519"
1139,GIGABYTE B550M-DS3H Motherboard,"₹9,800"
1140,Frontech FT- H61 with Nvme slot LGA 1155 Socket Motherboard,"₹2,199"
1141,ASUS TUF Gaming B550-PLUS Motherboard,"₹15,926"
1142,GEONIX GX-H61 DDR3 Motherboard|2.0 USB| LGA 1155 Support Intel 2nd and 3rd Gen CPU DDR3 Motherboard,"₹1,999"
1143,ASUS ROG STRIX X670E A GAMING WIFI Motherboard,"₹41,739"
1144,MSI B450M PRO-VDH MAX Mini-ATX AM4 Gaming Motherboard,"₹8,899"
1145,GIGABYTE B450M DS3H (AMD Ryzen AM4/M.2/HMDI/DVI/USB 3.1/DDR4/Micro ATX) Motherboard,"₹8,190"
1146,ASUS TUF Gaming B560M-Plus Motherboard,"₹14,462"
1147,LAPCARE h81 Motherboard,"₹3,299"
1148,ASRock B560 Steel Legend Motherboard,"₹11,720"
1149,MSI MEG Z590 GODLIKE Motherboard,"₹98,999"
1150,ASUS ROG STRIX Z590-F Gaming Wi-Fi Motherboard,"₹29,999"
1151,ASRock B550 PG Riptide Motherboard,"₹12,179"
1152,ASRock Z690 Pro RS Motherboard,"₹17,999"
1153,ASUS Prime Z690-A Motherboard,"₹29,950"
1154,Raspberry Pi 4-Model B-8GB RAM Motherboard,"₹8,099"
1155,MSI PRO H410M-B Motherboard,"₹6,999"
1156,Raspberry Pi 3 Model B+ Kit with Adapter Case LAN-HDMI Cable HeatSink SD Card & RPi 3B Plus Motherboard,"₹5,499"
1157,ZEBRONICS ZEB-61 MOTHERBOARD Motherboard,"₹2,225"
1158,ASUS Prime Z690-P D4 Motherboard,"₹21,499"
1159,ASUS ROG Strix Z490-F Gaming Motherboard,"₹25,719"
1160,ASRock H610M-HDV/M.2 Motherboard,"₹7,019"
1161,ASUS Prime B550M-K Motherboard,"₹10,384"
1162,MSI A320M-A PRO AMD AM4 m-ATX DDR4 Motherboard,"₹5,999"
1163,GIGABYTE B650M K Motherboard,"₹14,500"
1164,GIGABYTE B550 GAMING X Motherboard,"₹12,205"
1165,ZEBRONICS ZEB-H61M2 with PCIE M.2 / NVMe Slot (LGA 1155 Socket) Motherboard,"₹2,299"
1166,ZEBRONICS ZEB-H310-NVMe Motherboard,"₹4,999"
1167,ZEBRONICS Zeb H110-D4 LGA 1151 Socket Motherboard Motherboard,"₹4,337"
1168,ZEB ZEBRONICS H61M2 Motherboard,"₹2,049"
1169,EXPERTRONICS Consistent CMB G41-II DDR2 (3 Year Warranty) Motherboard,"₹2,038"
1170,ASUS TUF-GAMING-B550M-E Motherboard,"₹13,181"
1171,GEONIX Geonix_H61 Motherboard,"₹1,790"
1172,ZEBRONICS Zeb H110-D4 Motherboard,"₹3,980"
1173,ASUS TUF GAMING X670E PLUS Motherboard,"₹32,952"
1174,GIGABYTE B450-Aorus Elite V2 Motherboard,"₹10,043"
1175,"Enter E-G41D2 (4SATA, 775LGA, DDR2, 10/100LAN, Intel G41+ICH7 Chipset, 5.1Audio, PCIe) Motherboard","₹1,945"
1176,Frontech G41/775 DDR2 Motherboard,"₹1,974"
1177,Matrix MXH81 Motherboard,"₹2,591"
1178,Ant Value H110MAD4 Motherboard,"₹4,256"
1179,MSI PRO B660-A DDR4 Motherboard,"₹24,449"
1180,"Enter i3,i5,i7 SUPPORT E-H61 MOTHERBOARD Motherboard","₹2,070"
1181,GIGABYTE B450-S2H Motherboard,"₹6,749"
1182,ASRock B560 Pro4 Motherboard,"₹9,299"
1183,ZEBRONICS ZEB-H81M2 with PCIE M.2 / NVMe Slot (LGA 1150 Socket) Motherboard,"₹2,449"
1184,ASRock X570 Phantom Gaming4 Motherboard,"₹14,269"
1185,ZEBRONICS Zeb-H61 Motherboard,"₹1,971"
1186,ASRock B550 Taichi Motherboard,"₹23,449"
1187,ASUS TUF GAMING B660M-PLUS WIFI D4 Motherboard,"₹18,821"
1188,ZEBRONICS ZEB-H81 Motherboard,"₹2,478"
1189,ASUS Prime H510M-E Motherboard,"₹7,499"
1190,ASRock B660 Pro RS Motherboard,"₹11,499"
1191,GIGABYTE MBG-B760MAORUSPROAX Motherboard,"₹23,999"
1192,MSI MPG X570 GAMING PLUS ATX AM4 Gaming Motherboard,"₹23,699"
1193,ASUS ROG STRIX B550-F GAMING WIFI II Motherboard,"₹23,999"
1194,ASUS TUF GAMING B660M-PLUS D4 Motherboard,"₹18,999"
1195,ASRock Z690 Steel Legend WiFi 6E Motherboard,"₹25,499"
1196,MSI MAG B560 TOMAHAWK WIFI Motherboard,"₹20,599"
1197,"ZEBRONICS ZEB-H61 LGA 1155 Socket ,128GB SATA 2.5"" SSD Combo Set Motherboard Motherboard","₹3,790"
1198,MSI Z590 UNIFY Motherboard,"₹28,844"
1199,Cansistant CONSISTENT_H61 Motherboard,"₹1,950"
1200,GIGABYTE B560M-H V2 Motherboard,"₹7,149"
1201,MSI B560M PRO-E Motherboard,"₹8,499"
1202,ASRock Z690 Steel Legend Motherboard,"₹22,499"
1203,GIGABYTE B550-Gaming X V2 Motherboard,"₹12,249"
1204,Matrix MXH61 Motherboard,"₹1,976"
1205,ASUS PRIME X670-P CSM Motherboard,"₹28,149"
1206,ASRock Z790 Steel legend WiFi Motherboard,"₹30,299"
1207,ASRock Z790 PG- ITX/TB4 Motherboard,"₹38,999"
1208,Dtech Gigabyte H81M-S Motherboard,"₹3,499"
1209,ZEBRONICS H61+128 SATA GB SSD + 4GB starlite DDR3 RAM with CORE i3 3RD GEN CPU Combo set Motherboard,"₹5,790"
1210,GIGABYTE Z790 UD AC Motherboard,"₹26,999"
1211,ASRock B650E Steel Legend WiFi Motherboard,"₹27,399"
1212,"Raspberry Pi 4 Model B 8GB RAM Kit with 32GB Noobs, LAN-mHDMI Cable, Power Supply, RPi 4B 8GB Motherboard","₹12,999"
1213,GIGABYTE B550-DS3H-AC Motherboard,"₹11,000"
1214,"Raspberry Pi 4 Model B 2GB RAM Kit with 32GB Noobs, LAN-mHDMI Cable, Power Supply, RPi 4B 2GB Motherboard","₹8,500"
1215,MSI MPG B550 Gaming Plus Motherboard,"₹17,999"
1216,ASUS TUF GAMING B650M-PLUS WIFI Motherboard,"₹23,161"
1217,ASUS EX-B660M-V5 D4 Motherboard,"₹11,924"
1218,Dtech H110M4-C2H Motherboard,"₹2,999"
1219,MSI MEG Z490I UNIFY Mini-ATX LGA 1200 Gaming Motherboard,"₹19,667"
1220,MSI MEG X570 UNIFY ATX AM4 Gaming Motherboard,"₹35,007"
1221,ZEBRONICS H61M2+240GB WD SSD + 8GB starlite DDR3 RAM with CORE i5 3RD GEN CPU Combo set Motherboard,"₹7,200"
1222,Ant Value H61MAD3 Motherboard,"₹5,499"
1223,ASUS TUF GAMING B650M-PLUS Motherboard,"₹21,585"
1224,GIGABYTE B550-Aorus Elite AX V2 Motherboard,"₹16,800"
1225,ASUS Rog Strix Z690-A Gaming Wifi D4 Motherboard,"₹37,199"
1226,MSI MAG B550 TOMAHAWK Motherboard,"₹18,000"
1227,ASRock B650 PG Lightning Motherboard,"₹20,799"
1228,ASRock B550 Pro4 Motherboard,"₹16,149"
1229,ZEBRONICS ZEB-G41 - D2 Motherboard,"₹2,390"
1230,ASRock Z690M-ITX/ax Motherboard,"₹21,499"
1231,Frontech H61/1155 DDR3 Motherboard,"₹2,059"
1232,ASRock Z590 OC Formula Motherboard,"₹55,809"
1233,ZEBRONICS G41-D3-COMBO-KIT Motherboard,"₹3,475"
1234,ASUS PROART B660-CREATOR D4 Motherboard,"₹25,609"
1235,ASRock Z590 Phantom Gaming4/AC Motherboard,"₹15,569"
1236,ASRock B650 Pro RS Motherboard,"₹21,949"
1237,MSI Z590 PRO WIFI Motherboard,"₹21,699"
1238,GEONIX GX-H81 D3 Motherboard,"₹2,690"
1239,ZEBRONICS G41 Motherboard,"₹1,999"
1240,MSI Z590 PRO WIFI Motherboard,"₹21,699"
1241,ASRock B650 Pro RS Motherboard,"₹21,949"
1242,ZEBRONICS ZEB H61 MBRD Motherboard,"₹2,199"
1243,MSI MEG Z690 Ace E-ATX Motherboard,"₹74,078"
1244,MSI PRO Z690-A WIFI Motherboard,"₹28,999"
1245,ZEBRONICS G41 Motherboard,"₹1,999"
1246,GEONIX GX-H81 D3 Motherboard,"₹2,690"
1247,MSI Z490-A PRO ATX LGA 1200 Gaming Motherboard,"₹12,999"
1248,ASRock Z690 Taichi Razer Edition Motherboard,"₹54,999"
1249,GIGABYTE ?B760M DS3H AX Motherboard,"₹17,499"
1250,ASUS Tuf Gaming Z690-Plus D4 Motherboard,"₹25,498"
1251,ZEBRONICS H61+240GB CRUCIAL SSD + 4GB starlite DDR3 RAM with CORE i3 3RD GEN CPU Combo set Motherboard,"₹5,999"
1252,ZEBRONICS H61 Supported Socket 1155 RAM DDR3 Motherboard,"₹2,225"
1253,MSI MPG Z490 GAMING CARBON WIFI ATX LGA 1200 Gaming Motherboard,"₹27,879"
1254,"Raspberry Pi 4 Model B 4GB RAM Kit with 32GB Noobs, LAN-mHDMI Cable, Power Supply, RPi 4B 4GB Motherboard","₹9,500"
1255,GIGABYTE B550-DS3H-AC Motherboard,"₹11,000"
1256,ASUS Prime Z690M-Plus Motherboard,"₹21,009"
1257,ASRock Z790 Pro RS WiFi Motherboard,"₹28,849"
1258,ASUS ?TUF GAMING Z790-PLUS WIFI Motherboard,"₹35,999"
1259,MSI MPG Z490 GAMING EDGE WIFI ATX LGA 1200 Gaming Motherboard,"₹22,799"
1260,ASRock Z790M PG Lightning/D4 Motherboard,"₹19,039"
1261,ZEBRONICS H61 Mboard + i5 3470 Processor + 4GB DDR3 Ram + CPU Fan Motherboard,"₹4,761"
1262,ASRock Z690M Phantom Gaming 4 Motherboard,"₹13,499"
1263,AARVEX 61 Motherboard,"₹3,050"
1264,ASUS PRIME B660-PLUS D4 Motherboard,"₹16,999"
1265,ASUS PRIME X570- PRO/CSM Motherboard,"₹26,999"
1266,ASUS Tuf Gaming Z690-Plus Wifi D4 Motherboard,"₹25,606"
1267,ASUS TUF GAMING Z590-PLUS Motherboard,"₹19,799"
1268,ASUS EX B460M-V5 Motherboard,"₹8,742"
1269,ASUS PRIME X670 P WIFI CSM Motherboard,"₹30,002"
1270,FOXI FOXIN H81 MOTHERBOARD Motherboard,"₹3,880"
1271,"Raspberry Pi 3 Model B 1GB RAM, 1.2GHz CPU, WiFi/BLE, 40 GPIO Pins Single Board Computer Motherboard","₹4,649"
1272,ZEBRONICS Zeb-H61M2 with M2 slot LGA 1155 Socket Motherboard,"₹2,449"
1273,ASRock Z790M -ITX WiFi Motherboard,"₹26,139"
1274,MSI MEG Z590I UNIFY Motherboard,"₹37,399"
1275,ASUS PRIME B660M-A D4 Motherboard,"₹14,499"
1276,MSI MPG Z690 CARBON EK X Motherboard,"₹40,513"
1277,MSI MPG Z690 EDGE WIFI DDR4 Motherboard,"₹32,100"
1278,ASUS TUF Gaming Z590-Plus Wi-Fi Motherboard,"₹22,532"
1279,ZEBRONICS ZEB-G41 D3 Motherboard,"₹2,450"
1280,ZEBRONICS G41 Supported Socket 775 RAM DDR3 Motherboard,"₹2,019"
1281,MSI MPG Z590 GAMING EDGE WIFI Motherboard,"₹29,518"
1282,ZEBRONICS ZEB-G41-D2S Motherboard,"₹2,310"
1283,GIGABYTE ?B760M DS3H AX DDR4 Motherboard,"₹16,999"
1284,ZEBRONICS ZEB -H61 Motherboard,"₹2,190"
1285,ZEBRONICS ZEB-H81M2 with NVMe Slot + Scuda 256GB NVMe SSD Combo Set (LGA 1150) Motherboard,"₹4,749"
1286,Frontech H110/1151 DDR4 Motherboard,"₹3,819"
1287,zebion H-61 Motherboard Motherboard,"₹2,800"
1288,Frontech H55/1156 Motherboard,"₹2,129"
1289,ZEBRONICS G41-D3-COMBO-KIT Motherboard,"₹3,475"
1290,Dtech Lapcare H61 LA Motherboard,"₹2,399"
1291,PAC 4-Digit PC Motherboard Diagnostic Card with User Manual Motherboard Motherboard,₹345
1292,IKIS New PCI 4-Digit PC Motherboard Diagnostic Card with User Manual Motherboard,₹449
1293,Dtech Gigabyte B75MS Motherboard with 3rd gen Core i3 Processor and 4Gb Ram Motherboard,"₹5,499"
1294,aht M3A785GM-LE Motherboard,"₹1,615"
1295,ZEBRONICS H81+128GB SATA SSD+4GB starlite DDR3 RAM with Pentium Dualcore G3250 CPU Combo Motherboard,"₹5,999"
1296,Dtech Gigabyte GA-H61M-S Motherboard,"₹2,499"
1297,Raspberry Pi 3 Model B Kit with Adapter Case LAN-HDMI Cable HeatSink SD Card & RPi 3B 1GB Motherboard,"₹5,499"
1298,"ZEBRONICS ZEBH61 CORE I5 2400 8 GB RAM, FAN Motherboard","₹4,150"
1299,Dtech Asus M4N68T-M LE V2 Motherboard,"₹2,399"
1300,LAPCARE H110 Motherboard,"₹4,289"
1301,ZEBRONICS Z31/G31 Combo kit Motherboard,"₹3,750"
1302,GIGABYTE B560M-DS2H-AC Motherboard,"₹12,400"
1303,ZEBRONICS H61+128 SATA GB SSD + 4GB starlite DDR3 RAM Combo set Motherboard,"₹5,062"
1304,ASUS ROG STRIX B660A-GAMING-WiFi D4 Motherboard,"₹23,499"
1305,ZEBRONICS ZEB-H61M2 with NVMe Slot + Scuda 256GB NVMe SSD Combo Set Motherboard,"₹4,549"
1306,Raspberry Pi 4 Model B 2GB RAM Motherboard,"₹5,999"
1307,ZEBRONICS H61M2+240GB WD SSD + 4GB starlite DDR3 RAM with CORE i3 3RD GEN CPU Combo set Motherboard,"₹6,500"
1308,ZEBRONICS G41+128 GB SATA SSD + 4GB starlite DDR3 RAM with Core 2 Duo CPU Combo set Motherboard,"₹5,211"
1309,Cmos Micro Lithium Cell CR2032 Motherboard,₹202
1310,RashMove FMB-G41(DDR3) Motherboard,"₹4,500"
1311,ZEB ZEBRONICS_H61M2 Motherboard,"₹3,249"
1312,GIGABYTE 110MH Motherboard,"₹7,499"
1313,MSI Z590 PLUS Motherboard,"₹17,649"
1314,TECHON New PCI 4-digit PC Diagnostic Card With User Manual (red) Motherboard,₹331
1315,ZEBRONICS H81M2+ Starlite 256GB NVME SSD & 8GB RAM with Intel Core i3 Processor combo set Motherboard,"₹8,948"
1316,ZEBRONICS H81+240GB CRUCIAL SSD + 4GB starlite DDR3 RAM with CORE i3 4Th GEN CPU Combo set Motherboard,"₹7,749"
1317,ZEBRONICS ZEB-H61 Motherboard,"₹2,449"
1318,Dtech ECS H61H2 Motherboard Intel G2020 Processor 2Gb Adata Ram DDR3 Motherboard,"₹2,799"
1319,ZEBRONICS H55-COMBO-KIT-4GB Motherboard,"₹4,850"
1320,sillora X99 + E2 2620 V3 Motherboard,"₹9,999"
1321,ZEBRONICS H61-i5-4GB-FAN Motherboard,"₹4,699"
1322,ZEBRONICS ZEB-H61M2 with NVMe Slot + Starlite 4GB RAM + Scuda 256GB NVMe SSD Combo Set Motherboard,"₹6,349"
1323,Dtech Asus P5KPL AMPS Motherboard with dual core processor and 2Gb RAM Motherboard,"₹2,500"
1324,mytechvision X99 Motherboard,"₹12,999"
1325,Matrix MXG41 Motherboard,"₹1,934"
1326,FOXI FOXIN H61 MB 2 YEAR ARANTY Motherboard,"₹2,252"
1327,ZEBRONICS ZEB-H55 Motherboard,"₹2,790"
1328,ZEBRONICS ZEB-H61 Motherboard,"₹2,449"
1329,ZEBRONICS H61+128GB SATA SSD+4GB starlite DDR3 RAM with PENTIUM DUALCORE CPU Combo Motherboard,"₹5,499"
1330,ZEBRONICS H61 + i5 3570 Processor + 4Gb Ram + CPU Fan Motherboard,"₹6,019"
1331,ZEBRONICS ZEB-H61M2 built in NVMe Slot + Scuda 128GB NVMe SSD+4GB DDR3 RAM Combo Set Motherboard,"₹5,822"
1332,gebronic ZEBRONIC_H61M2 Motherboard,"₹2,099"
1333,mytechvision X99 LGA 2011 Motherboard,"₹9,984"
1334,ASRock Z690 PG Riptide Motherboard,"₹20,299"
1335,Dtech Gigabyte GA-N3050M-D3P Motherboard,"₹2,499"
1336,mytechvision X99 Motherboard,"₹12,999"
1337,mytechvision X79 motherboard with E5 2650 processor Motherboard,"₹8,999"
1338,"SmartCam NanoPi M1 Plus Allwinner H3,Quad-Core A7@1.2GHz Compatible Raspberry Pi Motherboard","₹8,999"
1339,ZEBRONICS G41-D2SP COMBO WITH C2D PROCESSOR Motherboard,"₹3,990"
1340,Dtech Intel D245KT Motherboard,"₹1,799"
1341,ZEBRONICS ZEB H55 (HDMI - MSATA) Motherboard,"₹2,465"
1342,Dtech Acer H81-M1 Motherboard,"₹2,499"
1343,Dtech Asus P5GAsus P5G41T-MLX Motherboard,"₹2,299"
1344,Dtech Intel D945GCPE Motherboard,"₹1,699"
1345,ZEBRONICS ZEB-G31-D2-COMBO KIT Motherboard,"₹3,799"
1346,ZEBRONICS Zeb-H61 Motherboard LGA1155 Socket Micro ATX DDR3 Motherboard,"₹2,449"
1347,Dtech Acer H57-AD With i3 Processor 2Gb Ram Motherboard,"₹2,899"
1348,aht Board_001 Motherboard,"₹1,650"
1349,Dtech Asus M2N68 AM PLUS Motherboard,"₹1,999"
1350,Dtech Foxin G31 Motherboard with Dual Core Processor and 2Gb DDR2 RAM Motherboard,"₹2,449"
1351,ZEBRONICS ZEB-G41-D3-4GB-COMBO Motherboard,"₹3,347"
1352,Dtech Acer H310CH5-M23HV Motherboard,"₹3,399"
1353,techut PCI 4-Digit PC Motherboard Diagnostic Card with User Manual Motherboard,₹349
1354,Dtech Intel H61 Motherboard with Core i3 Processor and 4Gb Ram Motherboard,"₹4,199"
1355,TECHON New PCI 4-digit PC Diagnostic Card With User Manual (red) Motherboard,₹331
1356,Dtech ECS G41 Motherboard Pentium E5200 2.5Ghz 2Gb DDR3 RAM Motherboard,"₹2,700"
1357,MSI Z690-A DDR4 Motherboard,"₹19,667"
1358,Zingsha X99 Dual CPU Motherboard with Intel Xeon 2699 v3 CPU and 64 GB RAM Motherboard,"₹58,559"
1359,GIGABYTE B550M DS3H Motherboard,"₹9,649"
1360,Maxwell Arduino UNO R3 Board ATmega328P with FREE USB Cable Motherboard,₹899
1361,Dtech Zebronics G31 Series Motherboard Motherboard,"₹1,899"
1362,Dtech Asus P8H61M LX3 Motherboard,"₹4,499"
1363,Dtech Lapcare G31 Motherboard Motherboard,"₹1,899"
1364,ZEBRONICS Zeb H-61M2 Motherboard LGA 1155 Socket with M2 slot Motherboard,"₹2,449"
1365,Mak World 4 Digi PC Motherboard Diagnostic Card Motherboard,₹331
1366,ASHK AS-HK110M-H-R1 Motherboard,"₹9,700"
1367,Dtech M5A78L-MLX AM3+ Motherboard,"₹2,499"
1368,DHRUV-PRO 3In1 Mini PCI- PCI-E LPC Laptop Analyzer Tester Diagnostic Card Post Test Motherboard,₹899
1369,GIGABYTE H81M-H Motherboard,"₹6,299"
1370,ASRock Z590 Phantom Gaming4 Motherboard,"₹14,729"
1371,ASRock Z590 Taichi Motherboard,"₹44,129"
1372,MSI X299 PRO Motherboard,"₹31,999"
1373,MSI MAG Z590 TORPEDO Motherboard,"₹24,599"
1374,MSI MPG Z590 GAMING PLUS Motherboard,"₹25,699"
1375,ZEBRONICS ZEB-H61M2-4GB-i5-FAN-P Motherboard,"₹4,199"
1376,MSI MPG Z690 FORCE WIFI ATX Motherboard,"₹43,201"
1377,ZEBRONICS H110 Motherboard with M.2 Nvme Slot Motherboard,"₹5,369"
1378,Frontech 0471 Motherboard,"₹2,705"
1379,ZEBRONICS ZEB-H55-D3 Motherboard,"₹2,375"
1380,GIGABYTE Z690 UD AX Motherboard,"₹31,999"
1381,MSI MEG B550 UNIFY-X Motherboard,"₹30,499"
1382,ZEBRONICS H61-i3-4gb Pfan Motherboard,"₹3,399"
1383,Shining sun Vision Pi Zero 2 W A-Tiny Computer Motherboard,"₹2,499"
1384,LAPCARE LKMBMB8006 Motherboard,"₹6,499"
1385,ASUS PRIME H670-PLUS D4 Motherboard,"₹17,999"
1386,MSI MAG Z690 TOMAHAWK WIFI Motherboard,"₹32,999"
1387,MSI Z590 A PRO Motherboard,"₹16,586"
1388,LAPCARE h81 1150 Motherboard,"₹3,199"
1389,GEONIX H61 Motherboard,"₹1,748"
1390,ZEBRONICS ZEB-H81M2 Motherboard,"₹2,799"
1391,ZEBRONICS ZEB-H81 Motherboard,"₹2,849"
1392,ASUS TUF GAMING X670E PLUS WIFI Motherboard,"₹39,750"
1393,powerx PMB-H61 Motherboard,"₹3,800"
1394,ASUS TUF GAMING B650-PLUS Motherboard,"₹24,990"
1395,GIGABYTE ?Z690 AORUS ULTRA Motherboard,"₹41,599"
1396,GIGABYTE B760M DS3H DDR4 Motherboard,"₹14,999"
1397,GIGABYTE ?Z690 Motherboard,"₹39,999"
1398,Thunderz 1155 Motherboard,"₹3,499"
1399,GIGABYTE Z690UD Motherboard,"₹24,999"
1400,GIGABYTE B760M DS3H DDR4 Motherboard,"₹14,999"
1401,Thunderz 1155 Motherboard,"₹3,499"
1402,GIGABYTE Z690UD Motherboard,"₹24,999"
1403,GIGABYTE ?B760M AORUS ELITE AX Motherboard,"₹23,999"
1404,RashMove FMB-G41 SOcket 775 Motherboard,"₹4,400"
1405,GIGABYTE B760M AORUS PRO DDR4 Motherboard,"₹19,999"
1406,Enter ENTERH61 Motherboard,"₹2,560"
1407,GIGABYTE B560 Motherboard,"₹24,999"
1408,ASUS Prime A520M-E Motherboard,"₹6,999"
1409,ZEBRONICS H81+128 GB SATA SSD + 4GB starlite DDR3 RAM with core i3 4th en CPUCombo set Motherboard,"₹6,999"
1410,ZEBRONICS H61M2+ Starlite 256GB NVME SSD & 8GB RAM with Intel Core i3 Processor comboset Motherboard,"₹6,999"
1411,GIGABYTE B450 Motherboard,"₹9,999"
1412,LAPCARE MXG41 Motherboard,"₹2,349"
1413,ZEBRONICS H55-COMBO-KIT-2GB Motherboard,"₹5,787"
1414,ZEBRONICS H81M2+240GB WD SSD + 4GB starlite DDR3 RAM with CORE i3 4Th GEN CPU Combo set Motherboard,"₹8,400"
1415,ZEBRONICS G31-D2-775 Motherboard,"₹2,999"
1416,TNC COMPUTER FT-0470 Motherboard,"₹2,180"
1417,Frontech FT G41 FT-0456 Motherboard,"₹2,450"
1418,ZEBRONICS G41 D3 Motherboard,"₹2,999"
1419,ZEBRONICS G41-D3-COMBO-KIT Motherboard Free mouse & wifi any brand Motherboard,"₹5,549"
1420,ZEBRONICS H61M2+240GB WD SSD + 8GB starlite DDR3 RAM with CORE i3 3RD GEN CPU Combo set Motherboard,"₹6,750"
1421,Blue Feather MB H-61 Motherboard,"₹3,000"
1422,FOXI FOXIN - G41 DDR3 Motherboard,"₹3,299"
1423,ZEBRONICS ZEB-H61M2 built in NVMe Slot + SCUDA 512GB NVMe SSD Combo Set Motherboard,"₹5,999"
1424,ZEBRONICS H61 kit Motherboard,"₹7,180"
1425,ZEBRONICS ZEB55 Motherboard,"₹2,399"
1426,LAPCARE (LPMH510) Motherboard,"₹7,499"
1427,Enter ENTERG41 Motherboard,"₹2,700"
1428,ZEBRONICS H61M2+ Starlite 256GB NVME SSD & 4GB DDR3 RAM with Core i3(3rd Gen) CPU comboset Motherboard,"₹6,999"
1429,ZEBRONICS H61M2+ Starlite 128GB NVME SSD & 4GB DDR3 RAM with PENTIUM DUALCORE CPU comboset Motherboard,"₹5,850"
1430,KRYSTAA KST-H613 Motherboard,"₹2,430"
1431,ZEBRONICS Zeb-h61m2p Motherboard,"₹2,299"
1432,zebion Marlin H55 Motherboard,"₹3,200"
1433,ZEBRONICS ZEB-H81M2 with NVMe Slot + Starlite 4GB RAM + Scuda 256GB NVMe SSD Combo Set Motherboard,"₹5,800"
1434,ZEBRONICS ZEB H81 MB Motherboard,"₹2,849"
1435,Raspberry Pi Zero 2W A-Tiny Computer Motherboard,"₹2,499"
1436,Frantech Frontech_H61 Motherboard,"₹3,299"
1437,ZEBRONICS H55+128GB SATA SSD + 4GB starlite DDR3 RAM with CORE i3 1ST GEN CPU Combo set Motherboard,"₹6,900"
1438,nVIDIA Jetson Nano 4GB Developer Kit - B01 Model Motherboard,"₹19,500"
1439,ZEBRONICS Zeb-H61M2 Motherboard,"₹2,449"
